citation_key,section,manuscript_claim,support_role,identity_verification,claim_audit,audit_limit
Acar2008,Scope and Related Work / Evolution and incrementality,"Incremental view maintenance and Datalog maintenance update derived relations~[citation]; self-adjusting and demand-driven computation record dependencies for change propagation~[citation], while static differentiation gives a language account of changes~[citation]. Lattice-based Datalog analysis and CodeQL demonstrate incremental program analysis~[citation]. Our incremental theorem is deliberately modest: with valid endpoints and a correct old cache over their union candidate space, conservative recomputation equals full finite evaluation; it makes no performance-superiority claim.",imperative self-adjusting computation; richer update-computation literature; this paper proves only a bounded finite reuse equivalence,verified_metadata,supported_at stated abstraction level,Bibliographic identity and the cited high-level distinction were checked; this row is not a claim of full-paper replication.
Acar2012,"Scope and Related Work / Dependence, slicing, and provenance","Database provenance tracks where and why results arise, view lineage, deletion propagation, annotations, and alternative derivations~[citation]. Programming-language accounts characterize provenance as a dependency property~[citation]. Our support is narrower: exact equality decomposes coordinatewise only under disjoint changed footprints, and alternatives return when observation is weakened.",core calculus for provenance; broader provenance family with alternatives and multiplicity; complete-keyed support is a narrow projection,verified_metadata,supported_at stated abstraction level,Bibliographic identity and the cited high-level distinction were checked; this row is not a claim of full-paper replication.
Agrawal1990,"Scope and Related Work / Dependence, slicing, and provenance","Program slicing and dependence graphs identify program elements relevant to a criterion~[citation]; slicing has also been applied directly to software maintenance~[citation]. Interprocedural, dynamic, graph-reachability, and abstract-interpretation formulations broaden that relation~[citation]. They begin with program semantics. Our theorem begins later, from a supplied finite keyed observation and declared endpoint delta, and does not validate an upstream dependence analysis.",execution-specific dynamic slicing; upstream semantic-dependence family; the finite theorem assumes already exported keyed observations,verified_metadata,supported_at stated abstraction level,Bibliographic identity and the cited high-level distinction were checked; this row is not a claim of full-paper replication.
Apiwattanapong2004,Scope and Related Work / Evolution and incrementality,"Change-impact methods connect edits to affected behavior or executions~[citation]; Chianti, safe regression selection, and dependence-graph testing select affected tests or failures~[citation]. Industrial recommendation and history-based boosting broaden impact analysis beyond direct dependence~[citation]. Warning tracking, repair mining, and actionable-warning prediction instead match or prioritize diagnostics across versions~[citation]. These establish correspondence, impact, or triage, not the exact evidence predicate of a least drift certificate.",empirical comparison of dynamic impact algorithms; solves source correspondence or maintenance impact that the finite model assumes,corrected_and_verified,supported_at stated abstraction level,Bibliographic identity and the cited high-level distinction were checked; this row is not a claim of full-paper replication.
Bates1993,Scope and Related Work / Evolution and incrementality,"Change-impact methods connect edits to affected behavior or executions~[citation]; Chianti, safe regression selection, and dependence-graph testing select affected tests or failures~[citation]. Industrial recommendation and history-based boosting broaden impact analysis beyond direct dependence~[citation]. Warning tracking, repair mining, and actionable-warning prediction instead match or prioritize diagnostics across versions~[citation]. These establish correspondence, impact, or triage, not the exact evidence predicate of a least drift certificate.",dependence-graph incremental testing; solves source correspondence or maintenance impact that the finite model assumes,verified_metadata,supported_at stated abstraction level,Bibliographic identity and the cited high-level distinction were checked; this row is not a claim of full-paper replication.
Bessey2010,Scope and Related Work / Certificates and analyzer practice,"Deployment studies show that analyzer trust also depends on diagnostic stability and usability~[citation]. Smart-contract analyzers use symbolic execution, compliance patterns, and diverse tool architectures~[citation]; scenario--property decomposition and a recent specification-centered preprint motivate explicit rule interfaces~[citation]. Those systems interpret source and seek vulnerabilities. This paper proves a conditional property of exported finite observations, not detector quality or smart-contract security.",industrial static-analysis deployment at scale; sets the practical bar the finite theorem does not meet,verified_metadata,supported_at stated abstraction level,Bibliographic identity and the cited high-level distinction were checked; this row is not a claim of full-paper replication.
Beyer2015,Scope and Related Work / Certificates and analyzer practice,"Certifying algorithms, proof-carrying code, translation validation, verified validators, and verified compilation move trust toward smaller checked relations~[citation]. Verification witnesses similarly support cross-tool validation~[citation]. Our checker reconstructs endpoint evidence, delta, deletion core, and core sufficiency, but cannot certify monotonicity or upstream facts.",cross-verifier witness validation; architectural trust-separation precedent; the present checker validates a finite replay relation,verified_metadata,supported_at stated abstraction level,Bibliographic identity and the cited high-level distinction were checked; this row is not a claim of full-paper replication.
Beyer2016,Scope and Related Work / Certificates and analyzer practice,"Certifying algorithms, proof-carrying code, translation validation, verified validators, and verified compilation move trust toward smaller checked relations~[citation]. Verification witnesses similarly support cross-tool validation~[citation]. Our checker reconstructs endpoint evidence, delta, deletion core, and core sufficiency, but cannot certify monotonicity or upstream facts.",exchangeable correctness witnesses; architectural trust-separation precedent; the present checker validates a finite replay relation,verified_metadata,supported_at stated abstraction level,Bibliographic identity and the cited high-level distinction were checked; this row is not a claim of full-paper replication.
Beyer2022,Scope and Related Work / Certificates and analyzer practice,"Certifying algorithms, proof-carrying code, translation validation, verified validators, and verified compilation move trust toward smaller checked relations~[citation]. Verification witnesses similarly support cross-tool validation~[citation]. Our checker reconstructs endpoint evidence, delta, deletion core, and core sufficiency, but cannot certify monotonicity or upstream facts.",systematic witness semantics and validation; architectural trust-separation precedent; the present checker validates a finite replay relation,verified_metadata,supported_at stated abstraction level,Bibliographic identity and the cited high-level distinction were checked; this row is not a claim of full-paper replication.
Borg2017,Scope and Related Work / Evolution and incrementality,"Change-impact methods connect edits to affected behavior or executions~[citation]; Chianti, safe regression selection, and dependence-graph testing select affected tests or failures~[citation]. Industrial recommendation and history-based boosting broaden impact analysis beyond direct dependence~[citation]. Warning tracking, repair mining, and actionable-warning prediction instead match or prioritize diagnostics across versions~[citation]. These establish correspondence, impact, or triage, not the exact evidence predicate of a least drift certificate.",industrial recommendation-supported change impact; supplies practice realism absent from authored finite fixtures,verified_metadata,supported_at stated abstraction level,Bibliographic identity and the cited high-level distinction were checked; this row is not a claim of full-paper replication.
Buneman2001,"Scope and Related Work / Dependence, slicing, and provenance","Database provenance tracks where and why results arise, view lineage, deletion propagation, annotations, and alternative derivations~[citation]. Programming-language accounts characterize provenance as a dependency property~[citation]. Our support is narrower: exact equality decomposes coordinatewise only under disjoint changed footprints, and alternatives return when observation is weakened.",why- and where-provenance distinction; broader provenance family with alternatives and multiplicity; complete-keyed support is a narrow projection,verified_metadata,supported_at stated abstraction level,Bibliographic identity and the cited high-level distinction were checked; this row is not a claim of full-paper replication.
Buneman2002,"Scope and Related Work / Dependence, slicing, and provenance","Database provenance tracks where and why results arise, view lineage, deletion propagation, annotations, and alternative derivations~[citation]. Programming-language accounts characterize provenance as a dependency property~[citation]. Our support is narrower: exact equality decomposes coordinatewise only under disjoint changed footprints, and alternatives return when observation is weakened.",deletion and annotation propagation; broader provenance family with alternatives and multiplicity; complete-keyed support is a narrow projection,verified_metadata,supported_at stated abstraction level,Bibliographic identity and the cited high-level distinction were checked; this row is not a claim of full-paper replication.
Cai2014,Scope and Related Work / Evolution and incrementality,"Incremental view maintenance and Datalog maintenance update derived relations~[citation]; self-adjusting and demand-driven computation record dependencies for change propagation~[citation], while static differentiation gives a language account of changes~[citation]. Lattice-based Datalog analysis and CodeQL demonstrate incremental program analysis~[citation]. Our incremental theorem is deliberately modest: with valid endpoints and a correct old cache over their union candidate space, conservative recomputation equals full finite evaluation; it makes no performance-superiority claim.",static differentiation of higher-order programs; richer update-computation literature; this paper proves only a bounded finite reuse equivalence,verified_metadata,supported_at stated abstraction level,Bibliographic identity and the cited high-level distinction were checked; this row is not a claim of full-paper replication.
Cheney2009Survey,"Scope and Related Work / Dependence, slicing, and provenance","Database provenance tracks where and why results arise, view lineage, deletion propagation, annotations, and alternative derivations~[citation]. Programming-language accounts characterize provenance as a dependency property~[citation]. Our support is narrower: exact equality decomposes coordinatewise only under disjoint changed footprints, and alternatives return when observation is weakened.",taxonomy and survey of database provenance; broader provenance family with alternatives and multiplicity; complete-keyed support is a narrow projection,verified_metadata,supported_at stated abstraction level,Bibliographic identity and the cited high-level distinction were checked; this row is not a claim of full-paper replication.
Cheney2011,"Scope and Related Work / Dependence, slicing, and provenance","Database provenance tracks where and why results arise, view lineage, deletion propagation, annotations, and alternative derivations~[citation]. Programming-language accounts characterize provenance as a dependency property~[citation]. Our support is narrower: exact equality decomposes coordinatewise only under disjoint changed footprints, and alternatives return when observation is weakened.",provenance as semantic dependency analysis; broader provenance family with alternatives and multiplicity; complete-keyed support is a narrow projection,verified_metadata,supported_at stated abstraction level,Bibliographic identity and the cited high-level distinction were checked; this row is not a claim of full-paper replication.
Chockler2004,"Scope and Related Work / Monotone minimal sets, explanations, and reduction","Monotone-predicate work unifies minimal subset problems and studies co-singleton query complexity~[citation]; Proposition~\ref{prop:core} is a bridge to that result, not a new generic algorithm. Abductive explanations and sufficient reasons preserve decisions~[citation], while structural causality and responsibility optimize counterfactual outcomes~[citation]. Our object instead reproduces a complete keyed endpoint record. Delta debugging and program reduction search for smaller failure-inducing inputs~[citation]; search disappears here only because the representation theorem forces one principal filter.",structural-model responsibility and blame; value- or outcome-oriented intervention family; exact evidence equality is deliberately stronger,verified_metadata,supported_at stated abstraction level,Bibliographic identity and the cited high-level distinction were checked; this row is not a claim of full-paper replication.
Christakis2016,Scope and Related Work / Certificates and analyzer practice,"Deployment studies show that analyzer trust also depends on diagnostic stability and usability~[citation]. Smart-contract analyzers use symbolic execution, compliance patterns, and diverse tool architectures~[citation]; scenario--property decomposition and a recent specification-centered preprint motivate explicit rule interfaces~[citation]. Those systems interpret source and seek vulnerabilities. This paper proves a conditional property of exported finite observations, not detector quality or smart-contract security.",developer requirements for program analysis; sets the practical bar the finite theorem does not meet,verified_metadata,supported_at stated abstraction level,Bibliographic identity and the cited high-level distinction were checked; this row is not a claim of full-paper replication.
Cleve2005,"Scope and Related Work / Monotone minimal sets, explanations, and reduction","Monotone-predicate work unifies minimal subset problems and studies co-singleton query complexity~[citation]; Proposition~\ref{prop:core} is a bridge to that result, not a new generic algorithm. Abductive explanations and sufficient reasons preserve decisions~[citation], while structural causality and responsibility optimize counterfactual outcomes~[citation]. Our object instead reproduces a complete keyed endpoint record. Delta debugging and program reduction search for smaller failure-inducing inputs~[citation]; search disappears here only because the representation theorem forces one principal filter.",cause localization for program failures; search-based minimization baseline; structural exactness follows here only after the principal-filter theorem,verified_metadata,supported_at stated abstraction level,Bibliographic identity and the cited high-level distinction were checked; this row is not a claim of full-paper replication.
Cousot1977,"Scope and Related Work / Dependence, slicing, and provenance","Program slicing and dependence graphs identify program elements relevant to a criterion~[citation]; slicing has also been applied directly to software maintenance~[citation]. Interprocedural, dynamic, graph-reachability, and abstract-interpretation formulations broaden that relation~[citation]. They begin with program semantics. Our theorem begins later, from a supplied finite keyed observation and declared endpoint delta, and does not validate an upstream dependence analysis.",abstract-interpretation fixed-point foundation; upstream semantic-dependence family; the finite theorem assumes already exported keyed observations,verified_metadata,supported_at stated abstraction level,Bibliographic identity and the cited high-level distinction were checked; this row is not a claim of full-paper replication.
Cui2000,"Scope and Related Work / Dependence, slicing, and provenance","Database provenance tracks where and why results arise, view lineage, deletion propagation, annotations, and alternative derivations~[citation]. Programming-language accounts characterize provenance as a dependency property~[citation]. Our support is narrower: exact equality decomposes coordinatewise only under disjoint changed footprints, and alternatives return when observation is weakened.",view-data lineage; broader provenance family with alternatives and multiplicity; complete-keyed support is a narrow projection,verified_metadata,supported_at stated abstraction level,Bibliographic identity and the cited high-level distinction were checked; this row is not a claim of full-paper replication.
Darwiche2020,"Scope and Related Work / Monotone minimal sets, explanations, and reduction","Monotone-predicate work unifies minimal subset problems and studies co-singleton query complexity~[citation]; Proposition~\ref{prop:core} is a bridge to that result, not a new generic algorithm. Abductive explanations and sufficient reasons preserve decisions~[citation], while structural causality and responsibility optimize counterfactual outcomes~[citation]. Our object instead reproduces a complete keyed endpoint record. Delta debugging and program reduction search for smaller failure-inducing inputs~[citation]; search disappears here only because the representation theorem forces one principal filter.",contrasts decision reasons with complete analyzer-evidence reproduction,verified_metadata_and_abstract,supported_at stated abstraction level,Bibliographic identity and the cited high-level distinction were checked; this row is not a claim of full-paper replication.
Deng2019,"Scope and Related Work / Monotone minimal sets, explanations, and reduction","Monotone-predicate work unifies minimal subset problems and studies co-singleton query complexity~[citation]; Proposition~\ref{prop:core} is a bridge to that result, not a new generic algorithm. Abductive explanations and sufficient reasons preserve decisions~[citation], while structural causality and responsibility optimize counterfactual outcomes~[citation]. Our object instead reproduces a complete keyed endpoint record. Delta debugging and program reduction search for smaller failure-inducing inputs~[citation]; search disappears here only because the representation theorem forces one principal filter.",sound abstract responsibility analysis; value- or outcome-oriented intervention family; exact evidence equality is deliberately stronger,verified_metadata,supported_at stated abstraction level,Bibliographic identity and the cited high-level distinction were checked; this row is not a claim of full-paper replication.
Durieux2020,Scope and Related Work / Certificates and analyzer practice,"Deployment studies show that analyzer trust also depends on diagnostic stability and usability~[citation]. Smart-contract analyzers use symbolic execution, compliance patterns, and diverse tool architectures~[citation]; scenario--property decomposition and a recent specification-centered preprint motivate explicit rule interfaces~[citation]. Those systems interpret source and seek vulnerabilities. This paper proves a conditional property of exported finite observations, not detector quality or smart-contract security.","large comparative review of Ethereum analyzers; application lineage for rule interfaces; unlike this theorem, these works interpret source programs",verified_metadata,supported_at stated abstraction level,Bibliographic identity and the cited high-level distinction were checked; this row is not a claim of full-paper replication.
Ferrante1987,"Scope and Related Work / Dependence, slicing, and provenance","Program slicing and dependence graphs identify program elements relevant to a criterion~[citation]; slicing has also been applied directly to software maintenance~[citation]. Interprocedural, dynamic, graph-reachability, and abstract-interpretation formulations broaden that relation~[citation]. They begin with program semantics. Our theorem begins later, from a supplied finite keyed observation and declared endpoint delta, and does not validate an upstream dependence analysis.",program-dependence graph representation; upstream semantic-dependence family; the finite theorem assumes already exported keyed observations,verified_metadata,supported_at stated abstraction level,Bibliographic identity and the cited high-level distinction were checked; this row is not a claim of full-paper replication.
Gallagher1991,"Scope and Related Work / Dependence, slicing, and provenance","Program slicing and dependence graphs identify program elements relevant to a criterion~[citation]; slicing has also been applied directly to software maintenance~[citation]. Interprocedural, dynamic, graph-reachability, and abstract-interpretation formulations broaden that relation~[citation]. They begin with program semantics. Our theorem begins later, from a supplied finite keyed observation and declared endpoint delta, and does not validate an upstream dependence analysis.",maintenance-oriented slicing; source-level relevance work that the finite observation model assumes rather than implements,verified_metadata,supported_at stated abstraction level,Bibliographic identity and the cited high-level distinction were checked; this row is not a claim of full-paper replication.
Gao2026,Scope and Related Work / Certificates and analyzer practice,"Deployment studies show that analyzer trust also depends on diagnostic stability and usability~[citation]. Smart-contract analyzers use symbolic execution, compliance patterns, and diverse tool architectures~[citation]; scenario--property decomposition and a recent specification-centered preprint motivate explicit rule interfaces~[citation]. Those systems interpret source and seek vulnerabilities. This paper proves a conditional property of exported finite observations, not detector quality or smart-contract security.","specification-centered business-logic preprint; application lineage for rule interfaces; unlike this theorem, these works interpret source programs",verified_preprint_metadata,supported_at stated abstraction level,Bibliographic identity and the cited high-level distinction were checked; this row is not a claim of full-paper replication.
Green2007,"Scope and Related Work / Dependence, slicing, and provenance","Database provenance tracks where and why results arise, view lineage, deletion propagation, annotations, and alternative derivations~[citation]. Programming-language accounts characterize provenance as a dependency property~[citation]. Our support is narrower: exact equality decomposes coordinatewise only under disjoint changed footprints, and alternatives return when observation is weakened.",semiring representation of alternative derivations; broader provenance family with alternatives and multiplicity; complete-keyed support is a narrow projection,verified_metadata,supported_at stated abstraction level,Bibliographic identity and the cited high-level distinction were checked; this row is not a claim of full-paper replication.
Gupta1993,Scope and Related Work / Evolution and incrementality,"Incremental view maintenance and Datalog maintenance update derived relations~[citation]; self-adjusting and demand-driven computation record dependencies for change propagation~[citation], while static differentiation gives a language account of changes~[citation]. Lattice-based Datalog analysis and CodeQL demonstrate incremental program analysis~[citation]. Our incremental theorem is deliberately modest: with valid endpoints and a correct old cache over their union candidate space, conservative recomputation equals full finite evaluation; it makes no performance-superiority claim.",incremental materialized-view maintenance; richer update-computation literature; this paper proves only a bounded finite reuse equivalence,verified_metadata,supported_at stated abstraction level,Bibliographic identity and the cited high-level distinction were checked; this row is not a claim of full-paper replication.
Hammer2014,Scope and Related Work / Evolution and incrementality,"Incremental view maintenance and Datalog maintenance update derived relations~[citation]; self-adjusting and demand-driven computation record dependencies for change propagation~[citation], while static differentiation gives a language account of changes~[citation]. Lattice-based Datalog analysis and CodeQL demonstrate incremental program analysis~[citation]. Our incremental theorem is deliberately modest: with valid endpoints and a correct old cache over their union candidate space, conservative recomputation equals full finite evaluation; it makes no performance-superiority claim.",demand-driven composable incrementality; richer update-computation literature; this paper proves only a bounded finite reuse equivalence,verified_metadata,supported_at stated abstraction level,Bibliographic identity and the cited high-level distinction were checked; this row is not a claim of full-paper replication.
Horwitz1990,"Scope and Related Work / Dependence, slicing, and provenance","Program slicing and dependence graphs identify program elements relevant to a criterion~[citation]; slicing has also been applied directly to software maintenance~[citation]. Interprocedural, dynamic, graph-reachability, and abstract-interpretation formulations broaden that relation~[citation]. They begin with program semantics. Our theorem begins later, from a supplied finite keyed observation and declared endpoint delta, and does not validate an upstream dependence analysis.",interprocedural slicing across procedures; upstream semantic-dependence family; the finite theorem assumes already exported keyed observations,verified_metadata,supported_at stated abstraction level,Bibliographic identity and the cited high-level distinction were checked; this row is not a claim of full-paper replication.
Huang2022,Scope and Related Work / Evolution and incrementality,"Change-impact methods connect edits to affected behavior or executions~[citation]; Chianti, safe regression selection, and dependence-graph testing select affected tests or failures~[citation]. Industrial recommendation and history-based boosting broaden impact analysis beyond direct dependence~[citation]. Warning tracking, repair mining, and actionable-warning prediction instead match or prioritize diagnostics across versions~[citation]. These establish correspondence, impact, or triage, not the exact evidence predicate of a least drift certificate.",history-based change-pattern boosting; contrasts empirical impact prediction with structural exact-evidence support,verified_metadata,supported_at stated abstraction level,Bibliographic identity and the cited high-level distinction were checked; this row is not a claim of full-paper replication.
Ignatiev2019,"Scope and Related Work / Monotone minimal sets, explanations, and reduction","Monotone-predicate work unifies minimal subset problems and studies co-singleton query complexity~[citation]; Proposition~\ref{prop:core} is a bridge to that result, not a new generic algorithm. Abductive explanations and sufficient reasons preserve decisions~[citation], while structural causality and responsibility optimize counterfactual outcomes~[citation]. Our object instead reproduces a complete keyed endpoint record. Delta debugging and program reduction search for smaller failure-inducing inputs~[citation]; search disappears here only because the representation theorem forces one principal filter.",closest sufficient-subset explanation family; differs in object and observation contract,verified_metadata_and_abstract,supported_at stated abstraction level,Bibliographic identity and the cited high-level distinction were checked; this row is not a claim of full-paper replication.
Janota2016,"Scope and Related Work / Monotone minimal sets, explanations, and reduction","Monotone-predicate work unifies minimal subset problems and studies co-singleton query complexity~[citation]; Proposition~\ref{prop:core} is a bridge to that result, not a new generic algorithm. Abductive explanations and sufficient reasons preserve decisions~[citation], while structural causality and responsibility optimize counterfactual outcomes~[citation]. Our object instead reproduces a complete keyed endpoint record. Delta debugging and program reduction search for smaller failure-inducing inputs~[citation]; search disappears here only because the representation theorem forces one principal filter.",direct prior art for deletion-core membership tests; manuscript narrows novelty to evidence-contract structure,verified_metadata_and_result_scope,supported_at stated abstraction level,Bibliographic identity and the cited high-level distinction were checked; this row is not a claim of full-paper replication.
Johnson2013,Scope and Related Work / Certificates and analyzer practice,"Deployment studies show that analyzer trust also depends on diagnostic stability and usability~[citation]. Smart-contract analyzers use symbolic execution, compliance patterns, and diverse tool architectures~[citation]; scenario--property decomposition and a recent specification-centered preprint motivate explicit rule interfaces~[citation]. Those systems interpret source and seek vulnerabilities. This paper proves a conditional property of exported finite observations, not detector quality or smart-contract security.",developer barriers to static-analysis use; sets the practical bar the finite theorem does not meet,verified_metadata,supported_at stated abstraction level,Bibliographic identity and the cited high-level distinction were checked; this row is not a claim of full-paper replication.
Karp1972,Structural Support and Its Limits / Value-only evidence restores alternatives,"\emph{Proof.} Map one canonical required fact to two aliases $u,v$. Both change from false to true. Either singleton establishes the final true value, but their intersection does not; complete evidence instead records both pairs. For hardness, reduce from set cover~[citation]: take a universe $U$ and sets $B_j$ whose union is $U$ (infeasible instances can be rejected before the reduction). Create one changed alias $a_j$ per set and one required canonical fact $c_e$ per element. Map $c_e$ to aliases whose sets contain $e$. Selecting changed aliases makes every $c_e$ true exactly when the corresponding sets cover $U$, preserving cardinality. \hfill$\square$",primary source for the set-cover hardness premise; the paper then gives its own cardinality-preserving mapping to value-only support,verified_metadata,supported_at stated abstraction level,Bibliographic identity and the cited high-level distinction were checked; this row is not a claim of full-paper replication.
Law2003,Scope and Related Work / Evolution and incrementality,"Change-impact methods connect edits to affected behavior or executions~[citation]; Chianti, safe regression selection, and dependence-graph testing select affected tests or failures~[citation]. Industrial recommendation and history-based boosting broaden impact analysis beyond direct dependence~[citation]. Warning tracking, repair mining, and actionable-warning prediction instead match or prioritize diagnostics across versions~[citation]. These establish correspondence, impact, or triage, not the exact evidence predicate of a least drift certificate.",whole-program path-based dynamic impact; solves source correspondence or maintenance impact that the finite model assumes,verified_metadata,supported_at stated abstraction level,Bibliographic identity and the cited high-level distinction were checked; this row is not a claim of full-paper replication.
Lee2025,"Scope and Related Work / Monotone minimal sets, explanations, and reduction","Monotone-predicate work unifies minimal subset problems and studies co-singleton query complexity~[citation]; Proposition~\ref{prop:core} is a bridge to that result, not a new generic algorithm. Abductive explanations and sufficient reasons preserve decisions~[citation], while structural causality and responsibility optimize counterfactual outcomes~[citation]. Our object instead reproduces a complete keyed endpoint record. Delta debugging and program reduction search for smaller failure-inducing inputs~[citation]; search disappears here only because the representation theorem forces one principal filter.",intervention-based causal program dependence; value- or outcome-oriented intervention family; exact evidence equality is deliberately stronger,verified_metadata,supported_at stated abstraction level,Bibliographic identity and the cited high-level distinction were checked; this row is not a claim of full-paper replication.
Leroy2009,Scope and Related Work / Certificates and analyzer practice,"Certifying algorithms, proof-carrying code, translation validation, verified validators, and verified compilation move trust toward smaller checked relations~[citation]. Verification witnesses similarly support cross-tool validation~[citation]. Our checker reconstructs endpoint evidence, delta, deletion core, and core sufficiency, but cannot certify monotonicity or upstream facts.",verified realistic compiler; architectural trust-separation precedent; the present checker validates a finite replay relation,verified_metadata,supported_at stated abstraction level,Bibliographic identity and the cited high-level distinction were checked; this row is not a claim of full-paper replication.
Li2024,Scope and Related Work / Evolution and incrementality,"Change-impact methods connect edits to affected behavior or executions~[citation]; Chianti, safe regression selection, and dependence-graph testing select affected tests or failures~[citation]. Industrial recommendation and history-based boosting broaden impact analysis beyond direct dependence~[citation]. Warning tracking, repair mining, and actionable-warning prediction instead match or prioritize diagnostics across versions~[citation]. These establish correspondence, impact, or triage, not the exact evidence predicate of a least drift certificate.",modern warning-evolution tracking; solves source correspondence or maintenance impact that the finite model assumes,verified_metadata,supported_at stated abstraction level,Bibliographic identity and the cited high-level distinction were checked; this row is not a claim of full-paper replication.
Liu2021,Scope and Related Work / Evolution and incrementality,"Change-impact methods connect edits to affected behavior or executions~[citation]; Chianti, safe regression selection, and dependence-graph testing select affected tests or failures~[citation]. Industrial recommendation and history-based boosting broaden impact analysis beyond direct dependence~[citation]. Warning tracking, repair mining, and actionable-warning prediction instead match or prioritize diagnostics across versions~[citation]. These establish correspondence, impact, or triage, not the exact evidence predicate of a least drift certificate.",fix-pattern mining for static warnings; solves source correspondence or maintenance impact that the finite model assumes,verified_metadata,supported_at stated abstraction level,Bibliographic identity and the cited high-level distinction were checked; this row is not a claim of full-paper replication.
Luu2016,Scope and Related Work / Certificates and analyzer practice,"Deployment studies show that analyzer trust also depends on diagnostic stability and usability~[citation]. Smart-contract analyzers use symbolic execution, compliance patterns, and diverse tool architectures~[citation]; scenario--property decomposition and a recent specification-centered preprint motivate explicit rule interfaces~[citation]. Those systems interpret source and seek vulnerabilities. This paper proves a conditional property of exported finite observations, not detector quality or smart-contract security.","symbolic execution for smart contracts; application lineage for rule interfaces; unlike this theorem, these works interpret source programs",verified_metadata,supported_at stated abstraction level,Bibliographic identity and the cited high-level distinction were checked; this row is not a claim of full-paper replication.
MarquesSilva2013,"Scope and Related Work / Monotone minimal sets, explanations, and reduction","Monotone-predicate work unifies minimal subset problems and studies co-singleton query complexity~[citation]; Proposition~\ref{prop:core} is a bridge to that result, not a new generic algorithm. Abductive explanations and sufficient reasons preserve decisions~[citation], while structural causality and responsibility optimize counterfactual outcomes~[citation]. Our object instead reproduces a complete keyed endpoint record. Delta debugging and program reduction search for smaller failure-inducing inputs~[citation]; search disappears here only because the representation theorem forces one principal filter.",closest generic subset-selection formulation; credited rather than claimed as new,verified_metadata,supported_at stated abstraction level,Bibliographic identity and the cited high-level distinction were checked; this row is not a claim of full-paper replication.
MarquesSilva2017,"Scope and Related Work / Monotone minimal sets, explanations, and reduction","Monotone-predicate work unifies minimal subset problems and studies co-singleton query complexity~[citation]; Proposition~\ref{prop:core} is a bridge to that result, not a new generic algorithm. Abductive explanations and sufficient reasons preserve decisions~[citation], while structural causality and responsibility optimize counterfactual outcomes~[citation]. Our object instead reproduces a complete keyed endpoint record. Delta debugging and program reduction search for smaller failure-inducing inputs~[citation]; search disappears here only because the representation theorem forces one principal filter.",defines the generic problem class from which the project must distinguish its representation theorem,verified_metadata,supported_at stated abstraction level,Bibliographic identity and the cited high-level distinction were checked; this row is not a claim of full-paper replication.
McConnell2011,Scope and Related Work / Certificates and analyzer practice,"Certifying algorithms, proof-carrying code, translation validation, verified validators, and verified compilation move trust toward smaller checked relations~[citation]. Verification witnesses similarly support cross-tool validation~[citation]. Our checker reconstructs endpoint evidence, delta, deletion core, and core sufficiency, but cannot certify monotonicity or upstream facts.",general certifying-algorithm framework; architectural trust-separation precedent; the present checker validates a finite replay relation,verified_metadata,supported_at stated abstraction level,Bibliographic identity and the cited high-level distinction were checked; this row is not a claim of full-paper replication.
Meliou2010,"Scope and Related Work / Monotone minimal sets, explanations, and reduction","Monotone-predicate work unifies minimal subset problems and studies co-singleton query complexity~[citation]; Proposition~\ref{prop:core} is a bridge to that result, not a new generic algorithm. Abductive explanations and sufficient reasons preserve decisions~[citation], while structural causality and responsibility optimize counterfactual outcomes~[citation]. Our object instead reproduces a complete keyed endpoint record. Delta debugging and program reduction search for smaller failure-inducing inputs~[citation]; search disappears here only because the representation theorem forces one principal filter.",complexity of query causality and responsibility; value- or outcome-oriented intervention family; exact evidence equality is deliberately stronger,verified_metadata,supported_at stated abstraction level,Bibliographic identity and the cited high-level distinction were checked; this row is not a claim of full-paper replication.
Meliou2011,"Scope and Related Work / Monotone minimal sets, explanations, and reduction","Monotone-predicate work unifies minimal subset problems and studies co-singleton query complexity~[citation]; Proposition~\ref{prop:core} is a bridge to that result, not a new generic algorithm. Abductive explanations and sufficient reasons preserve decisions~[citation], while structural causality and responsibility optimize counterfactual outcomes~[citation]. Our object instead reproduces a complete keyed endpoint record. Delta debugging and program reduction search for smaller failure-inducing inputs~[citation]; search disappears here only because the representation theorem forces one principal filter.",view-conditioned causality for data errors; value- or outcome-oriented intervention family; exact evidence equality is deliberately stronger,verified_metadata,supported_at stated abstraction level,Bibliographic identity and the cited high-level distinction were checked; this row is not a claim of full-paper replication.
Misherghi2006,"Scope and Related Work / Monotone minimal sets, explanations, and reduction","Monotone-predicate work unifies minimal subset problems and studies co-singleton query complexity~[citation]; Proposition~\ref{prop:core} is a bridge to that result, not a new generic algorithm. Abductive explanations and sufficient reasons preserve decisions~[citation], while structural causality and responsibility optimize counterfactual outcomes~[citation]. Our object instead reproduces a complete keyed endpoint record. Delta debugging and program reduction search for smaller failure-inducing inputs~[citation]; search disappears here only because the representation theorem forces one principal filter.",hierarchical delta debugging; search-based minimization baseline; structural exactness follows here only after the principal-filter theorem,verified_metadata,supported_at stated abstraction level,Bibliographic identity and the cited high-level distinction were checked; this row is not a claim of full-paper replication.
Motik2015,Scope and Related Work / Evolution and incrementality,"Incremental view maintenance and Datalog maintenance update derived relations~[citation]; self-adjusting and demand-driven computation record dependencies for change propagation~[citation], while static differentiation gives a language account of changes~[citation]. Lattice-based Datalog analysis and CodeQL demonstrate incremental program analysis~[citation]. Our incremental theorem is deliberately modest: with valid endpoints and a correct old cache over their union candidate space, conservative recomputation equals full finite evaluation; it makes no performance-superiority claim.",backward/forward Datalog materialization; richer update-computation literature; this paper proves only a bounded finite reuse equivalence,verified_metadata,supported_at stated abstraction level,Bibliographic identity and the cited high-level distinction were checked; this row is not a claim of full-paper replication.
Necula1997,Scope and Related Work / Certificates and analyzer practice,"Certifying algorithms, proof-carrying code, translation validation, verified validators, and verified compilation move trust toward smaller checked relations~[citation]. Verification witnesses similarly support cross-tool validation~[citation]. Our checker reconstructs endpoint evidence, delta, deletion core, and core sufficiency, but cannot certify monotonicity or upstream facts.",proof-carrying code and small checker; architectural trust-separation precedent; the present checker validates a finite replay relation,verified_metadata,supported_at stated abstraction level,Bibliographic identity and the cited high-level distinction were checked; this row is not a claim of full-paper replication.
Pnueli1998,Scope and Related Work / Certificates and analyzer practice,"Certifying algorithms, proof-carrying code, translation validation, verified validators, and verified compilation move trust toward smaller checked relations~[citation]. Verification witnesses similarly support cross-tool validation~[citation]. Our checker reconstructs endpoint evidence, delta, deletion core, and core sufficiency, but cannot certify monotonicity or upstream facts.",per-translation validation; architectural trust-separation precedent; the present checker validates a finite replay relation,verified_metadata,supported_at stated abstraction level,Bibliographic identity and the cited high-level distinction were checked; this row is not a claim of full-paper replication.
Regehr2012,"Scope and Related Work / Monotone minimal sets, explanations, and reduction","Monotone-predicate work unifies minimal subset problems and studies co-singleton query complexity~[citation]; Proposition~\ref{prop:core} is a bridge to that result, not a new generic algorithm. Abductive explanations and sufficient reasons preserve decisions~[citation], while structural causality and responsibility optimize counterfactual outcomes~[citation]. Our object instead reproduces a complete keyed endpoint record. Delta debugging and program reduction search for smaller failure-inducing inputs~[citation]; search disappears here only because the representation theorem forces one principal filter.",C compiler test-case reduction; search-based minimization baseline; structural exactness follows here only after the principal-filter theorem,verified_metadata,supported_at stated abstraction level,Bibliographic identity and the cited high-level distinction were checked; this row is not a claim of full-paper replication.
Ren2004,Scope and Related Work / Evolution and incrementality,"Change-impact methods connect edits to affected behavior or executions~[citation]; Chianti, safe regression selection, and dependence-graph testing select affected tests or failures~[citation]. Industrial recommendation and history-based boosting broaden impact analysis beyond direct dependence~[citation]. Warning tracking, repair mining, and actionable-warning prediction instead match or prioritize diagnostics across versions~[citation]. These establish correspondence, impact, or triage, not the exact evidence predicate of a least drift certificate.",fine-grained Java change impact and tests; solves source correspondence or maintenance impact that the finite model assumes,verified_metadata,supported_at stated abstraction level,Bibliographic identity and the cited high-level distinction were checked; this row is not a claim of full-paper replication.
Ren2006,Scope and Related Work / Evolution and incrementality,"Change-impact methods connect edits to affected behavior or executions~[citation]; Chianti, safe regression selection, and dependence-graph testing select affected tests or failures~[citation]. Industrial recommendation and history-based boosting broaden impact analysis beyond direct dependence~[citation]. Warning tracking, repair mining, and actionable-warning prediction instead match or prioritize diagnostics across versions~[citation]. These establish correspondence, impact, or triage, not the exact evidence predicate of a least drift certificate.",failure-causing changes in Java histories; solves source correspondence or maintenance impact that the finite model assumes,verified_metadata,supported_at stated abstraction level,Bibliographic identity and the cited high-level distinction were checked; this row is not a claim of full-paper replication.
Reps1995,"Scope and Related Work / Dependence, slicing, and provenance","Program slicing and dependence graphs identify program elements relevant to a criterion~[citation]; slicing has also been applied directly to software maintenance~[citation]. Interprocedural, dynamic, graph-reachability, and abstract-interpretation formulations broaden that relation~[citation]. They begin with program semantics. Our theorem begins later, from a supplied finite keyed observation and declared endpoint delta, and does not validate an upstream dependence analysis.",IFDS-style precise interprocedural reachability; upstream semantic-dependence family; the finite theorem assumes already exported keyed observations,verified_metadata,supported_at stated abstraction level,Bibliographic identity and the cited high-level distinction were checked; this row is not a claim of full-paper replication.
Rothermel1996,Scope and Related Work / Evolution and incrementality,"Change-impact methods connect edits to affected behavior or executions~[citation]; Chianti, safe regression selection, and dependence-graph testing select affected tests or failures~[citation]. Industrial recommendation and history-based boosting broaden impact analysis beyond direct dependence~[citation]. Warning tracking, repair mining, and actionable-warning prediction instead match or prioritize diagnostics across versions~[citation]. These establish correspondence, impact, or triage, not the exact evidence predicate of a least drift certificate.",regression-test selection analysis; solves source correspondence or maintenance impact that the finite model assumes,verified_metadata,supported_at stated abstraction level,Bibliographic identity and the cited high-level distinction were checked; this row is not a claim of full-paper replication.
Rothermel1998,Scope and Related Work / Evolution and incrementality,"Change-impact methods connect edits to affected behavior or executions~[citation]; Chianti, safe regression selection, and dependence-graph testing select affected tests or failures~[citation]. Industrial recommendation and history-based boosting broaden impact analysis beyond direct dependence~[citation]. Warning tracking, repair mining, and actionable-warning prediction instead match or prioritize diagnostics across versions~[citation]. These establish correspondence, impact, or triage, not the exact evidence predicate of a least drift certificate.",empirical safe regression-test selection; establishes a source/test maintenance objective distinct from exact evidence support,verified_metadata,supported_at stated abstraction level,Bibliographic identity and the cited high-level distinction were checked; this row is not a claim of full-paper replication.
Ryder2001,Scope and Related Work / Evolution and incrementality,"Change-impact methods connect edits to affected behavior or executions~[citation]; Chianti, safe regression selection, and dependence-graph testing select affected tests or failures~[citation]. Industrial recommendation and history-based boosting broaden impact analysis beyond direct dependence~[citation]. Warning tracking, repair mining, and actionable-warning prediction instead match or prioritize diagnostics across versions~[citation]. These establish correspondence, impact, or triage, not the exact evidence predicate of a least drift certificate.",object-oriented change-impact analysis; solves source correspondence or maintenance impact that the finite model assumes,verified_metadata,supported_at stated abstraction level,Bibliographic identity and the cited high-level distinction were checked; this row is not a claim of full-paper replication.
Spacco2006,Scope and Related Work / Evolution and incrementality,"Change-impact methods connect edits to affected behavior or executions~[citation]; Chianti, safe regression selection, and dependence-graph testing select affected tests or failures~[citation]. Industrial recommendation and history-based boosting broaden impact analysis beyond direct dependence~[citation]. Warning tracking, repair mining, and actionable-warning prediction instead match or prioritize diagnostics across versions~[citation]. These establish correspondence, impact, or triage, not the exact evidence predicate of a least drift certificate.",warning correspondence across revisions; solves source correspondence or maintenance impact that the finite model assumes,verified_metadata,supported_at stated abstraction level,Bibliographic identity and the cited high-level distinction were checked; this row is not a claim of full-paper replication.
Sun2018,"Scope and Related Work / Monotone minimal sets, explanations, and reduction","Monotone-predicate work unifies minimal subset problems and studies co-singleton query complexity~[citation]; Proposition~\ref{prop:core} is a bridge to that result, not a new generic algorithm. Abductive explanations and sufficient reasons preserve decisions~[citation], while structural causality and responsibility optimize counterfactual outcomes~[citation]. Our object instead reproduces a complete keyed endpoint record. Delta debugging and program reduction search for smaller failure-inducing inputs~[citation]; search disappears here only because the representation theorem forces one principal filter.",grammar-guided language-agnostic reduction; search-based minimization baseline; structural exactness follows here only after the principal-filter theorem,verified_metadata,supported_at stated abstraction level,Bibliographic identity and the cited high-level distinction were checked; this row is not a claim of full-paper replication.
Sun2024,Scope and Related Work / Certificates and analyzer practice,"Deployment studies show that analyzer trust also depends on diagnostic stability and usability~[citation]. Smart-contract analyzers use symbolic execution, compliance patterns, and diverse tool architectures~[citation]; scenario--property decomposition and a recent specification-centered preprint motivate explicit rule interfaces~[citation]. Those systems interpret source and seek vulnerabilities. This paper proves a conditional property of exported finite observations, not detector quality or smart-contract security.","scenario-property logic-vulnerability analysis; application lineage for rule interfaces; unlike this theorem, these works interpret source programs",verified_metadata,supported_at stated abstraction level,Bibliographic identity and the cited high-level distinction were checked; this row is not a claim of full-paper replication.
Szabo2018,Scope and Related Work / Evolution and incrementality,"Incremental view maintenance and Datalog maintenance update derived relations~[citation]; self-adjusting and demand-driven computation record dependencies for change propagation~[citation], while static differentiation gives a language account of changes~[citation]. Lattice-based Datalog analysis and CodeQL demonstrate incremental program analysis~[citation]. Our incremental theorem is deliberately modest: with valid endpoints and a correct old cache over their union candidate space, conservative recomputation equals full finite evaluation; it makes no performance-superiority claim.",incremental lattice-based Datalog analyses; richer update-computation literature; this paper proves only a bounded finite reuse equivalence,verified_metadata,supported_at stated abstraction level,Bibliographic identity and the cited high-level distinction were checked; this row is not a claim of full-paper replication.
Szabo2023,Scope and Related Work / Evolution and incrementality,"Incremental view maintenance and Datalog maintenance update derived relations~[citation]; self-adjusting and demand-driven computation record dependencies for change propagation~[citation], while static differentiation gives a language account of changes~[citation]. Lattice-based Datalog analysis and CodeQL demonstrate incremental program analysis~[citation]. Our incremental theorem is deliberately modest: with valid endpoints and a correct old cache over their union candidate space, conservative recomputation equals full finite evaluation; it makes no performance-superiority claim.",production CodeQL incrementalization; richer update-computation literature; this paper proves only a bounded finite reuse equivalence,verified_metadata,supported_at stated abstraction level,Bibliographic identity and the cited high-level distinction were checked; this row is not a claim of full-paper replication.
Tristan2008,Scope and Related Work / Certificates and analyzer practice,"Certifying algorithms, proof-carrying code, translation validation, verified validators, and verified compilation move trust toward smaller checked relations~[citation]. Verification witnesses similarly support cross-tool validation~[citation]. Our checker reconstructs endpoint evidence, delta, deletion core, and core sufficiency, but cannot certify monotonicity or upstream facts.",formal verification of a translation validator; architectural trust-separation precedent; the present checker validates a finite replay relation,verified_metadata,supported_at stated abstraction level,Bibliographic identity and the cited high-level distinction were checked; this row is not a claim of full-paper replication.
Tsankov2018,Scope and Related Work / Certificates and analyzer practice,"Deployment studies show that analyzer trust also depends on diagnostic stability and usability~[citation]. Smart-contract analyzers use symbolic execution, compliance patterns, and diverse tool architectures~[citation]; scenario--property decomposition and a recent specification-centered preprint motivate explicit rule interfaces~[citation]. Those systems interpret source and seek vulnerabilities. This paper proves a conditional property of exported finite observations, not detector quality or smart-contract security.","compliance-pattern smart-contract analysis; application lineage for rule interfaces; unlike this theorem, these works interpret source programs",verified_metadata,supported_at stated abstraction level,Bibliographic identity and the cited high-level distinction were checked; this row is not a claim of full-paper replication.
Weiser1984,"Scope and Related Work / Dependence, slicing, and provenance","Program slicing and dependence graphs identify program elements relevant to a criterion~[citation]; slicing has also been applied directly to software maintenance~[citation]. Interprocedural, dynamic, graph-reachability, and abstract-interpretation formulations broaden that relation~[citation]. They begin with program semantics. Our theorem begins later, from a supplied finite keyed observation and declared endpoint delta, and does not validate an upstream dependence analysis.",foundational static slicing criterion; upstream semantic-dependence family; the finite theorem assumes already exported keyed observations,verified_metadata,supported_at stated abstraction level,Bibliographic identity and the cited high-level distinction were checked; this row is not a claim of full-paper replication.
Yedida2023,Scope and Related Work / Evolution and incrementality,"Change-impact methods connect edits to affected behavior or executions~[citation]; Chianti, safe regression selection, and dependence-graph testing select affected tests or failures~[citation]. Industrial recommendation and history-based boosting broaden impact analysis beyond direct dependence~[citation]. Warning tracking, repair mining, and actionable-warning prediction instead match or prioritize diagnostics across versions~[citation]. These establish correspondence, impact, or triage, not the exact evidence predicate of a least drift certificate.",actionable-warning prediction; demonstrates the separate empirical obligation of usefulness,verified_metadata,supported_at stated abstraction level,Bibliographic identity and the cited high-level distinction were checked; this row is not a claim of full-paper replication.
Zeller2002,"Scope and Related Work / Monotone minimal sets, explanations, and reduction","Monotone-predicate work unifies minimal subset problems and studies co-singleton query complexity~[citation]; Proposition~\ref{prop:core} is a bridge to that result, not a new generic algorithm. Abductive explanations and sufficient reasons preserve decisions~[citation], while structural causality and responsibility optimize counterfactual outcomes~[citation]. Our object instead reproduces a complete keyed endpoint record. Delta debugging and program reduction search for smaller failure-inducing inputs~[citation]; search disappears here only because the representation theorem forces one principal filter.",delta debugging and one-minimal failure input; search-based minimization baseline; structural exactness follows here only after the principal-filter theorem,verified_metadata,supported_at stated abstraction level,Bibliographic identity and the cited high-level distinction were checked; this row is not a claim of full-paper replication.
