claim_id,claim,formal_support,code_or_test,raw_result,paper_surface,maturity,fresh_recheck
T1,"For a fixed comparison frame, stratified complete-keyed evidence, and an observably separable block delta, sufficient subsets form the principal filter generated by atoms whose footprints meet the final decoded read closure",proofs/stratified_support.md Sections 1-5 and 10; proofs/support.md,src/producer.py structural framed read-footprint projection; src/checker.py deletion reconstruction,results/support/support_summary.json; results/support/tiny_support.csv,Section V,proved for the stated finite framed observation contract; predecessor implementation correspondence tested,"formal statement repaired for block atoms and sparse absence; sparse rule encoding has an explicit fixed-frame round-trip argument; the current 46-method clean-extraction suite passed, including directed producer/checker and selected exhaustive-oracle checks; preserved predecessor records still supply the 365 exact-small minima and 4055 all-subset comparisons and were not regenerated"
T1A,"For one fixed endpoint-union identity frame, the validated sparse rule identity/projection encoder is injective because decoding fills every omitted identity with explicit absence and satisfies dec_F(enc_F(m)) = m on admitted total framed rule maps; lower literal and observation strata are compared separately",proofs/support.md Section Fixed candidate frame and sparse rule decoding; proofs/stratified_support.md Section 10,src/producer.py canonical family evidence and validation; src/checker.py independent canonical family evidence and validation,not an empirical claim,"Section III, Proposition Sparse-frame faithfulness",proved representation lemma relative to the fixed frame and admitted unique identifiers,"paper, schema, README, standalone proofs, and implementation surfaces reconciled; current 46-method clean-extraction suite passed the sparse absence, family-move, alias-order, origin, target-absence, and full-patch cases; the representation lemma remains a mathematical statement rather than a proof produced by testing"
T2,"A structure-blind binary replay checker needs at least d membership queries in the worst case over the realizable principal-filter family, and d single-deletion queries attain the bound",proofs/stratified_support.md Section 9,src/checker.py deletion reconstruction,results/support/directed_support.csv; results/support/large_support.csv,Section V,information-theoretic theorem in the specified query model,lower-bound proof explicitly realizes every support by a one-stratum singleton-footprint instance; current 46-method clean-extraction suite passed directed deletion/exhaustive-oracle checks; the saved 64 directed and 12 large campaign records remain predecessor observations
T2A,"For any finite upward-closed sufficiency predicate with the full set sufficient, co-singleton deletions recover the intersection of all sufficient sets; replaying that core succeeds exactly when it is the unique least sufficient set, equivalently when the sufficient sets form its principal filter; failure implies at least two incomparable inclusion-minimal sufficient sets",proofs/stratified_support.md Section 9; proofs/support.md Independent deletion checker,src/checker.py deletion-core reconstruction and core replay,not an empirical claim,"Sections I, V, and VI",proved order-theoretic characterization; the structural theorem instantiates the core as exact support,"paper, standalone proofs, schema, README, checker contract, and ledger reconciled; the replay is explicitly not claimed to validate upward closure or representation premises"
T3,Ordered batch evidence has support equal to the union of component supports,proofs/stratified_support.md Section 6,not required for single-certificate implementation,not an empirical claim,Section III,proved corollary,paper and standalone proof reconciled
T4,A refining evidence contract can only retain or enlarge support when both contracts satisfy the principal-filter theorem,proofs/stratified_support.md Section 7,not required for current implementation,not an empirical claim,Section III,proved proposition with explicit premise,paper and standalone proof reconciled
T5,"Checked coordinate and atom bijections preserving strata, decoding, visibility, and footprints map support pointwise",proofs/stratified_support.md Section 8,canonical key/order validation in producer and checker,results/unit_tests.txt,Section III,proved representation proposition,paper and proof reconciled; boundary excludes many-to-one coordinate or atom mappings
T6,Value-only support can have incomparable minima and minimum value support admits a cardinality-preserving set-cover construction,proofs/stratified_support.md Section 11; proofs/support.md,src/support_study.py negative control; tests/test_support.py,results/support/value_only_counterexample.json,Section V,self-contained existence/complexity construction plus saved small control,two singleton value supports and one two-atom exact-evidence support recorded
T7,Repeated writers can destroy upward closure of sufficiency,proofs/stratified_support.md Section 11,canonical delta constructors prevent this case,not an empirical claim,Section V,self-contained counterexample,paper and proof reconciled
T8,"Source-relative principal-filter support follows conditionally when source/configuration and finite levels share one canonical atom set, extraction commutes with every subset patch on all framed coordinates, and source observation factors through finite evidence; the replay-query bound additionally requires the unchanged structure-blind binary-membership access model",proofs/stratified_support.md Section 13; proofs/semantics.md Conditional scenario-property bridge,no source extractor or source-side patch relation is delivered,no source-level result,Sections V and VIII,conditional composition theorem only,"pointwise extraction/patch commutation and observation factorization are explicit; source-side hybrid, frame, correspondence, syntax-coverage, and disjoint-footprint premises remain absent; query-model caveat is separate The source-lift equations and their uninstantiated premises are also reconciled in results/static_consistency.json."
T9,"For valid old and new finite versions, conservative old/new dependency impact plus a correct old cache over their union candidate space equals full new finite evaluation",proofs/semantics.md,src/producer.py finite impact/update paths; tests/test_semantics.py including the added malformed-old-with-cache regression source,results/scaling.csv; results/unit_tests.txt,Section VI,finite theorem; saved sanity evidence,valid-endpoint and correct-cache premises are explicit; both incremental entry points validate both endpoints even with supplied caches and check cache-key coverage; the added malformed-old-with-cache regression passed in the current residue-free 46-method clean-extraction run; saved scaling data are not used for a performance claim
C1,"Checker acceptance means endpoint evidence, class, complete delta, the deletion core, and replay of that core agree with independent reconstruction under the endpoint-derived frame; under the structural premises the core is the unique least support",proofs/stratified_support.md Section 12; proofs/support.md,src/checker.py; tests/test_support.py; tests/test_semantics.py,results/fault_injection.csv; results/unit_tests.txt,Section VI,specified acceptance relation with distinct admission-bound and core-sufficiency diagnostics and an explicit premise boundary,"638 retained corruption rejections remain predecessor evidence; the current residue-free isolated-copy suite passed all 46 methods, including checker acceptance/rejection, surplus/missing witness rejection, consistency diagnostics, and endpoint validation; the corruption campaign itself was not rerun"
E1,Saved finite support comparisons contain no recorded disagreement,bounded protocol in src/support_study.py,src/support_study.py,results/support/support_summary.json,Section VII,preserved finite sanity observation,"predecessor campaign only: 8748 tiny candidates; 301 tiny plus 64 directed minima comparisons (365 total); 2302 tiny plus 1753 directed subset comparisons (4055 total); 12 large. The current 46-method clean-extraction suite passed selected directed and exhaustive-oracle regressions, but the saved support campaign was not regenerated"
E2,Nine authored finite fact abstractions yield 36 controlled interventions,fixture design; not source semantics,src/generate.py; tests/test_public.py,data/public_fixtures.json; results/public_cases.csv,Sections VII and VIII,preserved representational evidence,explicitly not described as 120 contracts or historical source changes
E3,Saved corruption records contain 638 rejections,retained mutation protocol,src/evaluate.py; checker diagnostics,results/fault_injection.csv,Section VII,preserved finite fault-injection observation,"638 predecessor-run rejections; current checker-focused unit methods passed in the residue-free 46-method clean-extraction run, but the 638-case mutation/corruption campaign was not rerun"
N1,Timing alone exceeded the frozen 800000-obligation cap under the reconstructable family-anchor unit,static accounting derivation,static inspection of retained timing runner and counters,results/resource_accounting.json; results/timing_summary.json; results/summary.json,Section VII,negative protocol result; campaign terminated,112846 times eight equals 902768; other scientific activity is excluded from this lower bound. Current 46-method and finite-check runs are post-disposition artifact verification and do not reset or rehabilitate the campaign. Retained host CPU/RSS/timing records are historical observations rather than measurements of the current local rerun.
N2,"The project establishes no Solidity-like frontend, source semantics, stable source correspondence, 120-contract corpus, historical evolution, or production baseline",conditional source theorem and inventory boundary,no source implementation,data/public_fixtures.json; external_inputs/selection.csv,Sections VII and VIII,scope limitation and termination basis,not replaced by synthetic states or conditional prose
N3,The producer is the exact atom-level framed final-read-footprint projection; no speed or precision superiority over that baseline is claimed,principal-filter characterization and literature comparison,src/producer.py,not an empirical comparison,Sections V and VIII,calibrated strongest-baseline statement,"paper, proofs, README, 67-work citation-use ledger, and strongest-baseline wording reconciled; generic monotone-minimal-set, co-singleton, abductive-explanation, and sufficient-reason results are explicitly credited rather than claimed as new"
E4,"All 46 current finite unit/regression methods pass through the repository-local runner in a residue-free verification run, including three expected-failure mutations of the fresh-output verifier chain",not a theorem; bounded implementation regression evidence,run_tests.py; tests/test_verify_artifact.py; verify_artifact.py,results/unit_tests.txt; results/one_command_verification.json,Section VII,fresh post-disposition artifact verification; not campaign completion,"46/46 passed; the verifier mutations cover missing fresh output, changed frozen fields, and generated/frozen format conflict, each required to be observed as FAIL"
E5,Three current finite checkers report no bounded counterexample or cross-implementation disagreement in their declared spaces,finite checks are not proofs; theorem support remains in proofs/stratified_support.md,abstract_model_check.py; monotone_core_check.py; generated_differential_check.py; tests/test_abstract_model_check.py; tests/test_monotone_core_check.py; tests/test_generated_differential.py,results/abstract_model_check.json; results/monotone_core_check.json; results/generated_differential_check.json,Section VII,fresh bounded defect-detection evidence with explicit finite scope,two selector domains; 6536 ordered non-identical endpoint pairs; 37048 atom partitions; 192176 subset replays; 65814 Boolean predicates; 970 monotone-core theorem checks; 60 generated endpoint pairs; 240 candidates; 1176 generated subset replays; 240 certificates; and 480 metamorphism checks; executed premise-breaking witnesses and restored-premise positive controls pass; zero recorded theorem counterexamples or cross-implementation disagreements
L1,The bibliography contains 67 unique cited publications and directly credits the closest monotone-minimal-set and sufficient-reason literature at the generic deletion/core claims,not a mathematical theorem; bibliographic and claim-use audit,audit_static.py bibliography/citation/keyset checks,reference_verification.csv; citation_claim_map.csv; literature_calibration.csv; external_resources.csv,"Sections I, V, and VIII",bibliographic identity and manuscript-use audit; not a claim of exhaustive novelty or full-text rereading of every publication,"67 BibTeX keys equal 67 cited keys and the three citation ledgers; MarquesSilva2013, Janota2016, MarquesSilva2017, Ignatiev2019, and Darwiche2020 are cited where generic minimal-set, query, abductive-explanation, and sufficient-reason facts are discussed"
