id,assumption,role,used_in,failure_if_removed,evidence_or_negative_control
A1,Fixed endpoint-union comparison frame chosen before selecting a delta subset,Makes absence explicit and prevents subset-dependent coordinate disappearance.,Sparse deletion / rule-family move lemma,Hidden or subset-dependent visibility can admit substitutes or incomparable minima.,hidden_visibility_breaks_structural_identification
A2,Complete key-addressed evidence at every visible layer,Makes equality coordinate-sensitive rather than value/class-only.,Principal-filter forward and reverse directions,Value-only equality permits alternative singleton explanations.,value_only_incomparable_minima
A3,Deterministic traversal and classification from endpoint evidence,Lets exact evidence equality imply the same finding and drift class.,Evidence-to-class corollary,Nondeterministic ordering or classification would make replay equality unstable.,determinism tests and canonical serialization
A4,Stable identities / coordinate correspondence across endpoints,"Allows old, hybrid, and new observations to share coordinates.",Frame construction and representation invariance,Identity swaps can preserve positional tuples while changing meaning.,unstable_identity_breaks_coordinate_correspondence
A5,Pairwise-disjoint observable atom footprints (one net writer per coordinate),Makes selecting more atoms unable to undo a required final coordinate.,Upward closure and support characterization,Overlapping sequential writes break monotonicity.,overlapping_write_breaks_upward_closure
A6,Delta completeness: applying all atoms reconstructs the new endpoint semantically,Establishes that the full set is sufficient and anchors deletion queries.,Patch theorem / checker contract,An omitted endpoint difference can make the target unreachable.,full-delta replay and endpoint validation
A7,Old and new finite versions validate before analysis or cache reuse,"Excludes malformed identities, aliases, and unsupported values.",Incremental equivalence theorem,A malformed old endpoint can poison reused cache entries.,malformed-old-with-cache regression
A8,Correct old cache covering the endpoint-union candidate space,Justifies reuse outside the conservative impact set.,Incremental/full equivalence,Missing or stale entries can silently disagree with full evaluation.,cache coverage checks
A9,Structure-blind checker has only Boolean membership-query access,Defines the information available for the d-query lower bound.,Oracle lower bound only,A checker given footprints can read the support without membership queries.,explicit access-model caveat
A10,Source patching commutes with extraction and source observations factor through finite evidence,Required only to lift the finite theorem to a source language.,Conditional source-level composition theorem,"Without commutation/sound observation, a finite certificate says nothing about source semantics.",source-level route explicitly not claimed
