case,classification,delta_elements,witness_elements,structural_deletion_agreement,enumerated_minimum_agreement,subsets_examined,sufficient_subsets,principal_filter_disagreements
policy-00-forward,absent,2,1,1,1,4,2,0
policy-00-reverse,absent,2,1,1,1,4,2,0
policy-01-forward,unresolved,2,2,1,1,4,1,0
policy-01-reverse,unresolved,2,2,1,1,4,1,0
policy-02-forward,absent,2,1,1,1,4,2,0
policy-02-reverse,absent,2,2,1,1,4,1,0
policy-03-forward,unresolved,2,2,1,1,4,1,0
policy-03-reverse,unresolved,2,2,1,1,4,1,0
policy-04-forward,absent,2,2,1,1,4,1,0
policy-04-reverse,absent,2,2,1,1,4,1,0
policy-05-forward,newly_justified,2,2,1,1,4,1,0
policy-05-reverse,invalidated,2,1,1,1,4,2,0
policy-06-forward,unresolved,2,2,1,1,4,1,0
policy-06-reverse,unresolved,2,2,1,1,4,1,0
policy-07-forward,absent,4,1,1,1,16,8,0
policy-07-reverse,absent,4,3,1,1,16,2,0
policy-08-forward,absent,1,0,1,1,2,2,0
policy-08-reverse,absent,1,0,1,1,2,2,0
policy-09-forward,absent,2,1,1,1,4,2,0
policy-09-reverse,absent,2,1,1,1,4,2,0
policy-10-forward,absent,3,2,1,1,8,2,0
policy-10-reverse,absent,3,2,1,1,8,2,0
policy-11-forward,absent,4,4,1,1,16,1,0
policy-11-reverse,absent,4,3,1,1,16,2,0
combination-00,absent,0,0,1,1,1,1,0
combination-01,unresolved,6,5,1,1,64,2,0
combination-02,unresolved,5,4,1,1,32,2,0
combination-03,newly_justified,6,5,1,1,64,2,0
combination-04,newly_justified,4,3,1,1,16,2,0
combination-05,absent,5,4,1,1,32,2,0
combination-06,newly_justified,4,3,1,1,16,2,0
combination-07,newly_justified,6,6,1,1,64,1,0
combination-08,unresolved,3,2,1,1,8,2,0
combination-09,unresolved,5,4,1,1,32,2,0
combination-10,absent,4,3,1,1,16,2,0
combination-11,unresolved,7,6,1,1,128,2,0
combination-12,newly_justified,3,2,1,1,8,2,0
combination-13,newly_justified,6,5,1,1,64,2,0
combination-14,newly_justified,4,4,1,1,16,1,0
combination-15,newly_justified,5,3,1,1,32,4,0
combination-16,unresolved,3,2,1,1,8,2,0
combination-17,unresolved,6,5,1,1,64,2,0
combination-18,unresolved,4,3,1,1,16,2,0
combination-19,unresolved,7,6,1,1,128,2,0
combination-20,absent,3,2,1,1,8,2,0
combination-21,newly_justified,4,4,1,1,16,1,0
combination-22,newly_justified,5,4,1,1,32,2,0
combination-23,newly_justified,7,6,1,1,128,2,0
combination-24,unresolved,2,1,1,1,4,2,0
combination-25,absent,5,4,1,1,32,2,0
combination-26,unresolved,5,4,1,1,32,2,0
combination-27,newly_justified,6,5,1,1,64,2,0
combination-28,newly_justified,3,3,1,1,8,1,0
combination-29,newly_justified,6,5,1,1,64,2,0
combination-30,absent,3,1,1,1,8,4,0
combination-31,newly_justified,7,6,1,1,128,2,0
combination-32,unresolved,3,2,1,1,8,2,0
combination-33,unresolved,5,4,1,1,32,2,0
combination-34,unresolved,5,4,1,1,32,2,0
combination-35,unresolved,5,5,1,1,32,1,0
combination-36,newly_justified,3,2,1,1,8,2,0
combination-37,newly_justified,6,5,1,1,64,2,0
combination-38,newly_justified,5,4,1,1,32,2,0
combination-39,newly_justified,6,5,1,1,64,2,0
