case,delta_elements,witness_elements,checker_hybrid_replays,accepted,enumerated_baseline
large-16-all-observed,16,16,17,1,not run
large-16-half-observed,16,8,17,1,not run
large-16-origin-only,16,16,17,1,not run
large-16-target-absent,16,1,17,1,not run
large-32-all-observed,32,32,33,1,not run
large-32-half-observed,32,16,33,1,not run
large-32-origin-only,32,32,33,1,not run
large-32-target-absent,32,1,33,1,not run
large-64-all-observed,64,64,65,1,not run
large-64-half-observed,64,32,65,1,not run
large-64-origin-only,64,64,65,1,not run
large-64-target-absent,64,1,65,1,not run
