certificate,mutation,accepted,diagnostic
0,certificate-shape,0,certificate_shape
0,schema,0,schema
0,classification,0,classification
0,family,0,candidate_space
0,change-bound,0,witness_bound
0,old-evidence,0,old_evidence
0,new-evidence,0,new_evidence
0,delta-member,0,delta
0,witness-member,0,witness_member
0,witness-duplicate,0,witness_order
0,evidence-structure,0,old_evidence
1,certificate-shape,0,certificate_shape
1,schema,0,schema
1,classification,0,classification
1,family,0,candidate_space
1,change-bound,0,witness_bound
1,old-evidence,0,old_evidence
1,new-evidence,0,new_evidence
1,delta-member,0,delta
1,witness-member,0,witness_order
1,witness-duplicate,0,witness_order
1,evidence-structure,0,old_evidence
2,certificate-shape,0,certificate_shape
2,schema,0,schema
2,classification,0,classification
2,family,0,candidate_space
2,change-bound,0,witness_bound
2,old-evidence,0,old_evidence
2,new-evidence,0,new_evidence
2,delta-member,0,delta
2,witness-member,0,witness_order
2,witness-duplicate,0,witness_order
2,evidence-structure,0,old_evidence
3,certificate-shape,0,certificate_shape
3,schema,0,schema
3,classification,0,classification
3,family,0,candidate_space
3,change-bound,0,witness_bound
3,old-evidence,0,old_evidence
3,new-evidence,0,new_evidence
3,delta-member,0,delta
3,witness-member,0,witness_member
3,witness-duplicate,0,witness_order
3,evidence-structure,0,old_evidence
4,certificate-shape,0,certificate_shape
4,schema,0,schema
4,classification,0,classification
4,family,0,candidate_space
4,change-bound,0,witness_bound
4,old-evidence,0,old_evidence
4,new-evidence,0,new_evidence
4,delta-member,0,delta
4,witness-member,0,witness_member
4,witness-duplicate,0,witness_order
4,evidence-structure,0,old_evidence
5,certificate-shape,0,certificate_shape
5,schema,0,schema
5,classification,0,classification
5,family,0,candidate_space
5,change-bound,0,witness_bound
5,old-evidence,0,old_evidence
5,new-evidence,0,new_evidence
5,delta-member,0,delta
5,witness-member,0,witness_order
5,witness-duplicate,0,witness_order
5,evidence-structure,0,old_evidence
6,certificate-shape,0,certificate_shape
6,schema,0,schema
6,classification,0,classification
6,family,0,candidate_space
6,change-bound,0,witness_bound
6,old-evidence,0,old_evidence
6,new-evidence,0,new_evidence
6,delta-member,0,delta
6,witness-member,0,witness_order
6,witness-duplicate,0,witness_order
6,evidence-structure,0,old_evidence
7,certificate-shape,0,certificate_shape
7,schema,0,schema
7,classification,0,classification
7,family,0,candidate_space
7,change-bound,0,witness_bound
7,old-evidence,0,old_evidence
7,new-evidence,0,new_evidence
7,delta-member,0,delta
7,witness-member,0,witness_member
7,witness-duplicate,0,witness_order
7,evidence-structure,0,old_evidence
8,certificate-shape,0,certificate_shape
8,schema,0,schema
8,classification,0,classification
8,family,0,candidate_space
8,change-bound,0,witness_bound
8,old-evidence,0,old_evidence
8,new-evidence,0,new_evidence
8,delta-member,0,delta
8,witness-member,0,witness_member
8,witness-duplicate,0,witness_order
8,evidence-structure,0,old_evidence
9,certificate-shape,0,certificate_shape
9,schema,0,schema
9,classification,0,classification
9,family,0,candidate_space
9,change-bound,0,witness_bound
9,old-evidence,0,old_evidence
9,new-evidence,0,new_evidence
9,delta-member,0,delta
9,witness-member,0,witness_order
9,witness-duplicate,0,witness_order
9,evidence-structure,0,old_evidence
10,certificate-shape,0,certificate_shape
10,schema,0,schema
10,classification,0,classification
10,family,0,candidate_space
10,change-bound,0,witness_bound
10,old-evidence,0,old_evidence
10,new-evidence,0,new_evidence
10,delta-member,0,delta
10,witness-member,0,witness_order
10,witness-duplicate,0,witness_order
10,evidence-structure,0,old_evidence
11,certificate-shape,0,certificate_shape
11,schema,0,schema
11,classification,0,classification
11,family,0,candidate_space
11,change-bound,0,witness_bound
11,old-evidence,0,old_evidence
11,new-evidence,0,new_evidence
11,delta-member,0,delta
11,witness-member,0,witness_member
11,witness-duplicate,0,witness_order
11,evidence-structure,0,old_evidence
12,certificate-shape,0,certificate_shape
12,schema,0,schema
12,classification,0,classification
12,family,0,candidate_space
12,change-bound,0,witness_bound
12,old-evidence,0,old_evidence
12,new-evidence,0,new_evidence
12,delta-member,0,delta
12,witness-member,0,witness_member
12,witness-duplicate,0,witness_order
12,evidence-structure,0,old_evidence
13,certificate-shape,0,certificate_shape
13,schema,0,schema
13,classification,0,classification
13,family,0,candidate_space
13,change-bound,0,witness_bound
13,old-evidence,0,old_evidence
13,new-evidence,0,new_evidence
13,delta-member,0,delta
13,witness-member,0,witness_order
13,witness-duplicate,0,witness_order
13,evidence-structure,0,old_evidence
14,certificate-shape,0,certificate_shape
14,schema,0,schema
14,classification,0,classification
14,family,0,candidate_space
14,change-bound,0,witness_bound
14,old-evidence,0,old_evidence
14,new-evidence,0,new_evidence
14,delta-member,0,delta
14,witness-member,0,witness_order
14,witness-duplicate,0,witness_order
14,evidence-structure,0,old_evidence
15,certificate-shape,0,certificate_shape
15,schema,0,schema
15,classification,0,classification
15,family,0,candidate_space
15,change-bound,0,witness_bound
15,old-evidence,0,old_evidence
15,new-evidence,0,new_evidence
15,delta-member,0,delta
15,witness-member,0,witness_member
15,witness-duplicate,0,witness_order
15,evidence-structure,0,old_evidence
16,certificate-shape,0,certificate_shape
16,schema,0,schema
16,classification,0,classification
16,family,0,candidate_space
16,change-bound,0,witness_bound
16,old-evidence,0,old_evidence
16,new-evidence,0,new_evidence
16,delta-member,0,delta
16,witness-member,0,witness_member
16,witness-duplicate,0,witness_order
16,evidence-structure,0,old_evidence
17,certificate-shape,0,certificate_shape
17,schema,0,schema
17,classification,0,classification
17,family,0,candidate_space
17,change-bound,0,witness_bound
17,old-evidence,0,old_evidence
17,new-evidence,0,new_evidence
17,delta-member,0,delta
17,witness-member,0,witness_member
17,witness-duplicate,0,witness_order
17,evidence-structure,0,old_evidence
18,certificate-shape,0,certificate_shape
18,schema,0,schema
18,classification,0,classification
18,family,0,candidate_space
18,change-bound,0,witness_bound
18,old-evidence,0,old_evidence
18,new-evidence,0,new_evidence
18,delta-member,0,delta
18,witness-member,0,witness_member
18,witness-duplicate,0,witness_order
18,evidence-structure,0,old_evidence
19,certificate-shape,0,certificate_shape
19,schema,0,schema
19,classification,0,classification
19,family,0,candidate_space
19,change-bound,0,witness_bound
19,old-evidence,0,old_evidence
19,new-evidence,0,new_evidence
19,delta-member,0,delta
19,witness-member,0,witness_member
19,witness-duplicate,0,witness_order
19,evidence-structure,0,old_evidence
20,certificate-shape,0,certificate_shape
20,schema,0,schema
20,classification,0,classification
20,family,0,candidate_space
20,change-bound,0,witness_bound
20,old-evidence,0,old_evidence
20,new-evidence,0,new_evidence
20,delta-member,0,delta
20,witness-member,0,witness_member
20,witness-duplicate,0,witness_order
20,evidence-structure,0,old_evidence
21,certificate-shape,0,certificate_shape
21,schema,0,schema
21,classification,0,classification
21,family,0,candidate_space
21,change-bound,0,witness_bound
21,old-evidence,0,old_evidence
21,new-evidence,0,new_evidence
21,delta-member,0,delta
21,witness-member,0,witness_member
21,witness-duplicate,0,witness_order
21,evidence-structure,0,old_evidence
22,certificate-shape,0,certificate_shape
22,schema,0,schema
22,classification,0,classification
22,family,0,candidate_space
22,change-bound,0,witness_bound
22,old-evidence,0,old_evidence
22,new-evidence,0,new_evidence
22,delta-member,0,delta
22,witness-member,0,witness_member
22,witness-duplicate,0,witness_order
22,evidence-structure,0,old_evidence
23,certificate-shape,0,certificate_shape
23,schema,0,schema
23,classification,0,classification
23,family,0,candidate_space
23,change-bound,0,witness_bound
23,old-evidence,0,old_evidence
23,new-evidence,0,new_evidence
23,delta-member,0,delta
23,witness-member,0,witness_member
23,witness-duplicate,0,witness_order
23,evidence-structure,0,old_evidence
24,certificate-shape,0,certificate_shape
24,schema,0,schema
24,classification,0,classification
24,family,0,candidate_space
24,change-bound,0,witness_bound
24,old-evidence,0,old_evidence
24,new-evidence,0,new_evidence
24,delta-member,0,delta
24,witness-member,0,witness_member
24,witness-duplicate,0,witness_order
24,evidence-structure,0,old_evidence
25,certificate-shape,0,certificate_shape
25,schema,0,schema
25,classification,0,classification
25,family,0,candidate_space
25,change-bound,0,witness_bound
25,old-evidence,0,old_evidence
25,new-evidence,0,new_evidence
25,delta-member,0,delta
25,witness-member,0,witness_order
25,witness-duplicate,0,witness_order
25,evidence-structure,0,old_evidence
26,certificate-shape,0,certificate_shape
26,schema,0,schema
26,classification,0,classification
26,family,0,candidate_space
26,change-bound,0,witness_bound
26,old-evidence,0,old_evidence
26,new-evidence,0,new_evidence
26,delta-member,0,delta
26,witness-member,0,witness_order
26,witness-duplicate,0,witness_order
26,evidence-structure,0,old_evidence
27,certificate-shape,0,certificate_shape
27,schema,0,schema
27,classification,0,classification
27,family,0,candidate_space
27,change-bound,0,witness_bound
27,old-evidence,0,old_evidence
27,new-evidence,0,new_evidence
27,delta-member,0,delta
27,witness-member,0,witness_member
27,witness-duplicate,0,witness_order
27,evidence-structure,0,old_evidence
28,certificate-shape,0,certificate_shape
28,schema,0,schema
28,classification,0,classification
28,family,0,candidate_space
28,change-bound,0,witness_bound
28,old-evidence,0,old_evidence
28,new-evidence,0,new_evidence
28,delta-member,0,delta
28,witness-member,0,witness_member
28,witness-duplicate,0,witness_order
28,evidence-structure,0,old_evidence
29,certificate-shape,0,certificate_shape
29,schema,0,schema
29,classification,0,classification
29,family,0,candidate_space
29,change-bound,0,witness_bound
29,old-evidence,0,old_evidence
29,new-evidence,0,new_evidence
29,delta-member,0,delta
29,witness-member,0,witness_order
29,witness-duplicate,0,witness_order
29,evidence-structure,0,old_evidence
30,certificate-shape,0,certificate_shape
30,schema,0,schema
30,classification,0,classification
30,family,0,candidate_space
30,change-bound,0,witness_bound
30,old-evidence,0,old_evidence
30,new-evidence,0,new_evidence
30,delta-member,0,delta
30,witness-member,0,witness_order
30,witness-duplicate,0,witness_order
30,evidence-structure,0,old_evidence
31,certificate-shape,0,certificate_shape
31,schema,0,schema
31,classification,0,classification
31,family,0,candidate_space
31,change-bound,0,witness_bound
31,old-evidence,0,old_evidence
31,new-evidence,0,new_evidence
31,delta-member,0,delta
31,witness-member,0,witness_member
31,witness-duplicate,0,witness_order
31,evidence-structure,0,old_evidence
32,certificate-shape,0,certificate_shape
32,schema,0,schema
32,classification,0,classification
32,family,0,candidate_space
32,change-bound,0,witness_bound
32,old-evidence,0,old_evidence
32,new-evidence,0,new_evidence
32,delta-member,0,delta
32,witness-member,0,witness_member
32,witness-duplicate,0,witness_order
32,evidence-structure,0,old_evidence
33,certificate-shape,0,certificate_shape
33,schema,0,schema
33,classification,0,classification
33,family,0,candidate_space
33,change-bound,0,witness_bound
33,old-evidence,0,old_evidence
33,new-evidence,0,new_evidence
33,delta-member,0,delta
33,witness-member,0,witness_member
33,witness-duplicate,0,witness_order
33,evidence-structure,0,old_evidence
34,certificate-shape,0,certificate_shape
34,schema,0,schema
34,classification,0,classification
34,family,0,candidate_space
34,change-bound,0,witness_bound
34,old-evidence,0,old_evidence
34,new-evidence,0,new_evidence
34,delta-member,0,delta
34,witness-member,0,witness_member
34,witness-duplicate,0,witness_order
34,evidence-structure,0,old_evidence
35,certificate-shape,0,certificate_shape
35,schema,0,schema
35,classification,0,classification
35,family,0,candidate_space
35,change-bound,0,witness_bound
35,old-evidence,0,old_evidence
35,new-evidence,0,new_evidence
35,delta-member,0,delta
35,witness-member,0,witness_member
35,witness-duplicate,0,witness_order
35,evidence-structure,0,old_evidence
36,certificate-shape,0,certificate_shape
36,schema,0,schema
36,classification,0,classification
36,family,0,candidate_space
36,change-bound,0,witness_bound
36,old-evidence,0,old_evidence
36,new-evidence,0,new_evidence
36,delta-member,0,delta
36,witness-member,0,witness_order
36,witness-duplicate,0,witness_order
36,evidence-structure,0,old_evidence
37,certificate-shape,0,certificate_shape
37,schema,0,schema
37,classification,0,classification
37,family,0,candidate_space
37,change-bound,0,witness_bound
37,old-evidence,0,old_evidence
37,new-evidence,0,new_evidence
37,delta-member,0,delta
37,witness-member,0,witness_order
37,witness-duplicate,0,witness_order
37,evidence-structure,0,old_evidence
38,certificate-shape,0,certificate_shape
38,schema,0,schema
38,classification,0,classification
38,family,0,candidate_space
38,change-bound,0,witness_bound
38,old-evidence,0,old_evidence
38,new-evidence,0,new_evidence
38,delta-member,0,delta
38,witness-member,0,witness_order
38,witness-duplicate,0,witness_order
38,evidence-structure,0,old_evidence
39,certificate-shape,0,certificate_shape
39,schema,0,schema
39,classification,0,classification
39,family,0,candidate_space
39,change-bound,0,witness_bound
39,old-evidence,0,old_evidence
39,new-evidence,0,new_evidence
39,delta-member,0,delta
39,witness-member,0,witness_order
39,witness-duplicate,0,witness_order
39,evidence-structure,0,old_evidence
40,certificate-shape,0,certificate_shape
40,schema,0,schema
40,classification,0,classification
40,family,0,candidate_space
40,change-bound,0,witness_bound
40,old-evidence,0,old_evidence
40,new-evidence,0,new_evidence
40,delta-member,0,delta
40,witness-member,0,witness_order
40,witness-duplicate,0,witness_order
40,evidence-structure,0,old_evidence
41,certificate-shape,0,certificate_shape
41,schema,0,schema
41,classification,0,classification
41,family,0,candidate_space
41,change-bound,0,witness_bound
41,old-evidence,0,old_evidence
41,new-evidence,0,new_evidence
41,delta-member,0,delta
41,witness-member,0,witness_order
41,witness-duplicate,0,witness_order
41,evidence-structure,0,old_evidence
42,certificate-shape,0,certificate_shape
42,schema,0,schema
42,classification,0,classification
42,family,0,candidate_space
42,change-bound,0,witness_bound
42,old-evidence,0,old_evidence
42,new-evidence,0,new_evidence
42,delta-member,0,delta
42,witness-member,0,witness_order
42,witness-duplicate,0,witness_order
42,evidence-structure,0,old_evidence
43,certificate-shape,0,certificate_shape
43,schema,0,schema
43,classification,0,classification
43,family,0,candidate_space
43,change-bound,0,witness_bound
43,old-evidence,0,old_evidence
43,new-evidence,0,new_evidence
43,delta-member,0,delta
43,witness-member,0,witness_member
43,witness-duplicate,0,witness_order
43,evidence-structure,0,old_evidence
44,certificate-shape,0,certificate_shape
44,schema,0,schema
44,classification,0,classification
44,family,0,candidate_space
44,change-bound,0,witness_bound
44,old-evidence,0,old_evidence
44,new-evidence,0,new_evidence
44,delta-member,0,delta
44,witness-member,0,witness_order
44,witness-duplicate,0,witness_order
44,evidence-structure,0,old_evidence
45,certificate-shape,0,certificate_shape
45,schema,0,schema
45,classification,0,classification
45,family,0,candidate_space
45,change-bound,0,witness_bound
45,old-evidence,0,old_evidence
45,new-evidence,0,new_evidence
45,delta-member,0,delta
45,witness-member,0,witness_order
45,witness-duplicate,0,witness_order
45,evidence-structure,0,old_evidence
46,certificate-shape,0,certificate_shape
46,schema,0,schema
46,classification,0,classification
46,family,0,candidate_space
46,change-bound,0,witness_bound
46,old-evidence,0,old_evidence
46,new-evidence,0,new_evidence
46,delta-member,0,delta
46,witness-member,0,witness_member
46,witness-duplicate,0,witness_order
46,evidence-structure,0,old_evidence
47,certificate-shape,0,certificate_shape
47,schema,0,schema
47,classification,0,classification
47,family,0,candidate_space
47,change-bound,0,witness_bound
47,old-evidence,0,old_evidence
47,new-evidence,0,new_evidence
47,delta-member,0,delta
47,witness-member,0,witness_member
47,witness-duplicate,0,witness_order
47,evidence-structure,0,old_evidence
48,certificate-shape,0,certificate_shape
48,schema,0,schema
48,classification,0,classification
48,family,0,candidate_space
48,change-bound,0,witness_bound
48,old-evidence,0,old_evidence
48,new-evidence,0,new_evidence
48,delta-member,0,delta
48,witness-member,0,witness_order
48,witness-duplicate,0,witness_order
48,evidence-structure,0,old_evidence
49,certificate-shape,0,certificate_shape
49,schema,0,schema
49,classification,0,classification
49,family,0,candidate_space
49,change-bound,0,witness_bound
49,old-evidence,0,old_evidence
49,new-evidence,0,new_evidence
49,delta-member,0,delta
49,witness-member,0,witness_order
49,witness-duplicate,0,witness_order
49,evidence-structure,0,old_evidence
50,certificate-shape,0,certificate_shape
50,schema,0,schema
50,classification,0,classification
50,family,0,candidate_space
50,change-bound,0,witness_bound
50,old-evidence,0,old_evidence
50,new-evidence,0,new_evidence
50,delta-member,0,delta
50,witness-member,0,witness_member
50,witness-duplicate,0,witness_order
50,evidence-structure,0,old_evidence
51,certificate-shape,0,certificate_shape
51,schema,0,schema
51,classification,0,classification
51,family,0,candidate_space
51,change-bound,0,witness_bound
51,old-evidence,0,old_evidence
51,new-evidence,0,new_evidence
51,delta-member,0,delta
51,witness-member,0,witness_order
51,witness-duplicate,0,witness_order
51,evidence-structure,0,old_evidence
52,certificate-shape,0,certificate_shape
52,schema,0,schema
52,classification,0,classification
52,family,0,candidate_space
52,change-bound,0,witness_bound
52,old-evidence,0,old_evidence
52,new-evidence,0,new_evidence
52,delta-member,0,delta
52,witness-member,0,witness_member
52,witness-duplicate,0,witness_order
52,evidence-structure,0,old_evidence
53,certificate-shape,0,certificate_shape
53,schema,0,schema
53,classification,0,classification
53,family,0,candidate_space
53,change-bound,0,witness_bound
53,old-evidence,0,old_evidence
53,new-evidence,0,new_evidence
53,delta-member,0,delta
53,witness-member,0,witness_order
53,witness-duplicate,0,witness_order
53,evidence-structure,0,old_evidence
54,certificate-shape,0,certificate_shape
54,schema,0,schema
54,classification,0,classification
54,family,0,candidate_space
54,change-bound,0,witness_bound
54,old-evidence,0,old_evidence
54,new-evidence,0,new_evidence
54,delta-member,0,delta
54,witness-member,0,witness_member
54,witness-duplicate,0,witness_order
54,evidence-structure,0,old_evidence
55,certificate-shape,0,certificate_shape
55,schema,0,schema
55,classification,0,classification
55,family,0,candidate_space
55,change-bound,0,witness_bound
55,old-evidence,0,old_evidence
55,new-evidence,0,new_evidence
55,delta-member,0,delta
55,witness-member,0,witness_order
55,witness-duplicate,0,witness_order
55,evidence-structure,0,old_evidence
56,certificate-shape,0,certificate_shape
56,schema,0,schema
56,classification,0,classification
56,family,0,candidate_space
56,change-bound,0,witness_bound
56,old-evidence,0,old_evidence
56,new-evidence,0,new_evidence
56,delta-member,0,delta
56,witness-member,0,witness_order
56,witness-duplicate,0,witness_order
56,evidence-structure,0,old_evidence
57,certificate-shape,0,certificate_shape
57,schema,0,schema
57,classification,0,classification
57,family,0,candidate_space
57,change-bound,0,witness_bound
57,old-evidence,0,old_evidence
57,new-evidence,0,new_evidence
57,delta-member,0,delta
57,witness-member,0,witness_order
57,witness-duplicate,0,witness_order
57,evidence-structure,0,old_evidence
