case,targets,families,rules,declared_changes,actual_delta_elements,candidate_count,affected_candidates,affected_fraction,full_family_evaluations,incremental_family_evaluations,full_rule_evaluations,incremental_rule_evaluations,semantic_disagreements
generated-001,24,6,12,1,1,144,0,0.0,144,0,288,0,0
generated-002,24,6,12,1,1,144,1,0.006944444444444444,144,1,288,2,0
generated-003,24,6,12,1,1,144,0,0.0,144,0,288,0,0
generated-004,24,6,12,1,1,144,0,0.0,144,0,288,0,0
generated-005,24,6,12,1,1,144,2,0.013888888888888888,144,2,288,4,0
generated-006,24,6,12,1,1,144,1,0.006944444444444444,144,1,288,2,0
generated-007,24,6,12,1,1,144,1,0.006944444444444444,144,1,288,2,0
generated-008,24,6,12,1,1,144,1,0.006944444444444444,144,1,288,2,0
generated-009,24,6,12,1,1,144,0,0.0,144,0,288,0,0
generated-010,24,6,12,1,1,144,1,0.006944444444444444,144,1,288,2,0
generated-011,24,6,12,1,1,144,0,0.0,144,0,288,0,0
generated-012,24,6,12,1,1,144,1,0.006944444444444444,144,1,288,2,0
generated-013,24,6,12,1,1,144,0,0.0,144,0,288,0,0
generated-014,24,6,12,1,1,144,1,0.006944444444444444,144,1,288,2,0
generated-015,24,6,12,1,1,144,1,0.006944444444444444,144,1,288,2,0
generated-016,24,6,12,1,1,144,0,0.0,144,0,288,0,0
generated-017,24,6,12,1,1,144,1,0.006944444444444444,144,1,288,2,0
generated-018,24,6,12,1,1,144,0,0.0,144,0,288,0,0
generated-019,24,6,12,1,1,144,1,0.006944444444444444,144,1,288,2,0
generated-020,24,6,12,1,1,144,1,0.006944444444444444,144,1,288,2,0
generated-021,24,6,12,4,4,144,25,0.1736111111111111,144,25,288,50,0
generated-022,24,6,12,4,4,144,48,0.3333333333333333,144,48,288,96,0
generated-023,24,6,12,4,4,144,26,0.18055555555555555,144,26,288,52,0
generated-024,24,6,12,4,4,144,24,0.16666666666666666,144,24,288,48,0
generated-025,24,6,12,4,3,144,27,0.1875,144,27,288,54,0
generated-026,24,6,12,4,4,144,49,0.3402777777777778,144,49,288,98,0
generated-027,24,6,12,4,4,144,50,0.3472222222222222,144,50,288,100,0
generated-028,24,6,12,4,4,144,50,0.3472222222222222,144,50,288,100,0
generated-029,24,6,12,4,4,144,49,0.3402777777777778,144,49,288,98,0
generated-030,24,6,12,4,4,144,25,0.1736111111111111,144,25,288,50,0
generated-031,24,6,12,4,4,144,27,0.1875,144,27,288,54,0
generated-032,24,6,12,4,4,144,49,0.3402777777777778,144,49,288,98,0
generated-033,24,6,12,4,4,144,50,0.3472222222222222,144,50,288,100,0
generated-034,24,6,12,4,4,144,72,0.5,144,72,288,144,0
generated-035,24,6,12,4,4,144,49,0.3402777777777778,144,49,288,98,0
generated-036,24,6,12,4,3,144,1,0.006944444444444444,144,1,288,2,0
generated-037,24,6,12,4,4,144,49,0.3402777777777778,144,49,288,98,0
generated-038,24,6,12,4,4,144,26,0.18055555555555555,144,26,288,52,0
generated-039,24,6,12,4,4,144,49,0.3402777777777778,144,49,288,98,0
generated-040,24,6,12,4,4,144,50,0.3472222222222222,144,50,288,100,0
generated-041,96,8,32,1,1,768,2,0.0026041666666666665,768,2,3072,8,0
generated-042,96,8,32,1,1,768,2,0.0026041666666666665,768,2,3072,8,0
generated-043,96,8,32,1,1,768,1,0.0013020833333333333,768,1,3072,4,0
generated-044,96,8,32,1,1,768,2,0.0026041666666666665,768,2,3072,8,0
generated-045,96,8,32,1,1,768,2,0.0026041666666666665,768,2,3072,8,0
generated-046,96,8,32,1,1,768,1,0.0013020833333333333,768,1,3072,4,0
generated-047,96,8,32,1,1,768,2,0.0026041666666666665,768,2,3072,8,0
generated-048,96,8,32,1,1,768,1,0.0013020833333333333,768,1,3072,4,0
generated-049,96,8,32,1,1,768,2,0.0026041666666666665,768,2,3072,8,0
generated-050,96,8,32,1,1,768,2,0.0026041666666666665,768,2,3072,8,0
generated-051,96,8,32,1,1,768,0,0.0,768,0,3072,0,0
generated-052,96,8,32,1,1,768,2,0.0026041666666666665,768,2,3072,8,0
generated-053,96,8,32,1,1,768,2,0.0026041666666666665,768,2,3072,8,0
generated-054,96,8,32,1,1,768,2,0.0026041666666666665,768,2,3072,8,0
generated-055,96,8,32,1,1,768,1,0.0013020833333333333,768,1,3072,4,0
generated-056,96,8,32,4,4,768,290,0.3776041666666667,768,290,3072,1160,0
generated-057,96,8,32,4,4,768,290,0.3776041666666667,768,290,3072,1160,0
generated-058,96,8,32,4,4,768,290,0.3776041666666667,768,290,3072,1160,0
generated-059,96,8,32,4,4,768,289,0.3763020833333333,768,289,3072,1156,0
generated-060,96,8,32,4,4,768,196,0.2552083333333333,768,196,3072,784,0
generated-061,96,8,32,4,4,768,193,0.2513020833333333,768,193,3072,772,0
generated-062,96,8,32,4,4,768,192,0.25,768,192,3072,768,0
generated-063,96,8,32,4,4,768,289,0.3763020833333333,768,289,3072,1156,0
generated-064,96,8,32,4,4,768,289,0.3763020833333333,768,289,3072,1156,0
generated-065,96,8,32,4,4,768,289,0.3763020833333333,768,289,3072,1156,0
generated-066,96,8,32,4,4,768,194,0.2526041666666667,768,194,3072,776,0
generated-067,96,8,32,4,4,768,289,0.3763020833333333,768,289,3072,1156,0
generated-068,96,8,32,4,4,768,194,0.2526041666666667,768,194,3072,776,0
generated-069,96,8,32,4,4,768,290,0.3776041666666667,768,290,3072,1160,0
generated-070,96,8,32,4,4,768,99,0.12890625,768,99,3072,396,0
generated-071,96,8,32,8,8,768,291,0.37890625,768,291,3072,1164,0
generated-072,96,8,32,8,8,768,483,0.62890625,768,483,3072,1932,0
generated-073,96,8,32,8,8,768,484,0.6302083333333334,768,484,3072,1936,0
generated-074,96,8,32,8,8,768,386,0.5026041666666666,768,386,3072,1544,0
generated-075,96,8,32,8,8,768,294,0.3828125,768,294,3072,1176,0
generated-076,96,8,32,8,7,768,292,0.3802083333333333,768,292,3072,1168,0
generated-077,96,8,32,8,8,768,385,0.5013020833333334,768,385,3072,1540,0
generated-078,96,8,32,8,7,768,290,0.3776041666666667,768,290,3072,1160,0
generated-079,96,8,32,8,7,768,292,0.3802083333333333,768,292,3072,1168,0
generated-080,96,8,32,8,8,768,386,0.5026041666666666,768,386,3072,1544,0
generated-081,96,8,32,8,8,768,291,0.37890625,768,291,3072,1164,0
generated-082,96,8,32,8,8,768,386,0.5026041666666666,768,386,3072,1544,0
generated-083,96,8,32,8,8,768,385,0.5013020833333334,768,385,3072,1540,0
generated-084,96,8,32,8,8,768,480,0.625,768,480,3072,1920,0
generated-085,96,8,32,8,8,768,387,0.50390625,768,387,3072,1548,0
generated-086,256,8,64,1,1,2048,2,0.0009765625,2048,2,16384,16,0
generated-087,256,8,64,1,1,2048,0,0.0,2048,0,16384,0,0
generated-088,256,8,64,1,1,2048,2,0.0009765625,2048,2,16384,16,0
generated-089,256,8,64,1,1,2048,1,0.00048828125,2048,1,16384,8,0
generated-090,256,8,64,1,1,2048,2,0.0009765625,2048,2,16384,16,0
generated-091,256,8,64,1,1,2048,1,0.00048828125,2048,1,16384,8,0
generated-092,256,8,64,1,1,2048,1,0.00048828125,2048,1,16384,8,0
generated-093,256,8,64,1,1,2048,2,0.0009765625,2048,2,16384,16,0
generated-094,256,8,64,4,4,2048,769,0.37548828125,2048,769,16384,6152,0
generated-095,256,8,64,4,4,2048,769,0.37548828125,2048,769,16384,6152,0
generated-096,256,8,64,4,4,2048,515,0.25146484375,2048,515,16384,4120,0
generated-097,256,8,64,4,4,2048,516,0.251953125,2048,516,16384,4128,0
generated-098,256,8,64,4,4,2048,770,0.3759765625,2048,770,16384,6160,0
generated-099,256,8,64,4,4,2048,512,0.25,2048,512,16384,4096,0
generated-100,256,8,64,4,4,2048,514,0.2509765625,2048,514,16384,4112,0
generated-101,256,8,64,4,4,2048,513,0.25048828125,2048,513,16384,4104,0
generated-102,256,8,64,8,8,2048,1025,0.50048828125,2048,1025,16384,8200,0
generated-103,256,8,64,8,8,2048,1028,0.501953125,2048,1028,16384,8224,0
generated-104,256,8,64,8,8,2048,771,0.37646484375,2048,771,16384,6168,0
generated-105,256,8,64,8,8,2048,1025,0.50048828125,2048,1025,16384,8200,0
generated-106,256,8,64,8,8,2048,1027,0.50146484375,2048,1027,16384,8216,0
generated-107,256,8,64,8,7,2048,1027,0.50146484375,2048,1027,16384,8216,0
generated-108,256,8,64,8,8,2048,1281,0.62548828125,2048,1281,16384,10248,0
generated-109,256,8,64,8,8,2048,1284,0.626953125,2048,1284,16384,10272,0
