case,targets,declared_changes,median_full_time_us,median_incremental_time_us,median_runtime_ratio
generated-001,24,1,809.569,888.198,1.0971245193430084
generated-002,24,1,859.606,1040.584,1.2105359897441386
generated-003,24,1,773.398,907.005,1.1727532266698388
generated-004,24,1,783.588,1016.484,1.2972174152743534
generated-005,24,1,797.009,894.842,1.1227501822438641
generated-006,24,1,847.484,888.641,1.0485637486961406
generated-007,24,1,823.58,884.057,1.0734318463294397
generated-008,24,1,878.625,885.994,1.0083869682742923
generated-009,24,1,761.098,866.557,1.138561656974529
generated-010,24,1,815.664,935.409,1.146806773377273
generated-011,24,1,781.368,879.247,1.1252661997931832
generated-012,24,1,1214.907,1354.085,1.1145585629188077
generated-013,24,1,788.205,897.778,1.139015865161982
generated-014,24,1,791.982,1058.033,1.335930614584675
generated-015,24,1,795.976,944.48,1.1865684392494247
generated-016,24,1,779.48,958.734,1.2299661312669985
generated-017,24,1,920.621,956.775,1.039271317947342
generated-018,24,1,921.298,967.868,1.0505482482323851
generated-019,24,1,784.488,954.217,1.216356400607785
generated-020,24,1,799.407,935.557,1.1703137450635284
generated-021,24,4,784.288,1027.37,1.3099397160226856
generated-022,24,4,853.09,1070.843,1.2552520836019647
generated-023,24,4,841.034,1036.724,1.232677870335801
generated-024,24,4,786.719,968.841,1.2314956166051665
generated-025,24,4,779.099,1122.685,1.4410042882868543
generated-026,24,4,779.67,1247.751,1.6003578437031052
generated-027,24,4,876.864,1140.852,1.3010592292533392
generated-028,24,4,790.732,1024.435,1.2955527283580277
generated-029,24,4,905.698,1112.54,1.2283785544408843
generated-030,24,4,843.047,971.339,1.1521765690406347
generated-031,24,4,831.882,1135.728,1.365251321701876
generated-032,24,4,797.683,976.588,1.2242808233345828
generated-033,24,4,778.891,1061.279,1.3625513711161126
generated-034,24,4,822.898,1132.979,1.3768158386580112
generated-035,24,4,807.983,1009.594,1.249523814238666
generated-036,24,4,817.377,924.253,1.1307548414012139
generated-037,24,4,971.515,1197.053,1.232150815993577
generated-038,24,4,827.38,957.824,1.1576591167299186
generated-039,24,4,965.505,1726.499,1.7881823501690826
generated-040,24,4,774.691,1021.12,1.3180997326676056
generated-041,96,1,5708.64,4837.147,0.847337894840102
generated-042,96,1,5397.868,4600.751,0.8523274374252946
generated-043,96,1,5152.861,4679.128,0.9080640832345371
generated-044,96,1,5087.406,5270.233,1.0359371750554212
generated-045,96,1,7100.056,5339.64,0.7520560401213737
generated-046,96,1,5477.398,4545.783,0.8299165041503284
generated-047,96,1,5383.914,4628.481,0.8596870232325405
generated-048,96,1,5793.294,4838.584,0.8352042896493773
generated-049,96,1,5281.585,4346.921,0.8230334265187439
generated-050,96,1,5553.098,4638.148,0.8352361150478526
generated-051,96,1,5053.549,4544.332,0.8992357648060798
generated-052,96,1,5224.68,4605.294,0.8814499643997336
generated-053,96,1,5532.603,5081.705,0.9185016528386367
generated-054,96,1,5220.915,4393.43,0.8415057513864906
generated-055,96,1,5579.829,4778.151,0.8563257046049261
generated-056,96,4,5026.075,5797.872,1.1535585919430171
generated-057,96,4,5181.456,5551.823,1.0714793293622487
generated-058,96,4,5634.516,5555.224,0.9859274514439217
generated-059,96,4,5277.699,5756.015,1.0906296475035806
generated-060,96,4,5729.986,5423.69,0.9465450700926669
generated-061,96,4,5350.103,5372.982,1.0042763662680887
generated-062,96,4,6164.003,5424.727,0.8800656002276442
generated-063,96,4,5337.247,5704.165,1.068746677828476
generated-064,96,4,5189.809,5767.005,1.1112171950836727
generated-065,96,4,5469.457,5495.677,1.0047938945310293
generated-066,96,4,5197.175,6258.089,1.2041328221581917
generated-067,96,4,5045.47,5518.674,1.0937878929019498
generated-068,96,4,5528.753,5366.311,0.9706186910502241
generated-069,96,4,5115.063,5943.459,1.1619522574795267
generated-070,96,4,5432.874,4786.914,0.8811016047859752
generated-071,96,8,5707.954,6145.78,1.076704542468282
generated-072,96,8,5283.773,6100.228,1.1545212105062046
generated-073,96,8,5754.594,7195.207,1.2503413794265938
generated-074,96,8,5196.519,5995.601,1.1537725542810486
generated-075,96,8,5292.235,5513.964,1.0418970434986352
generated-076,96,8,5542.041,5830.696,1.0520846020446257
generated-077,96,8,5631.175,6188.518,1.0989745479407051
generated-078,96,8,5375.396,5725.689,1.0651659896312755
generated-079,96,8,5752.737,6445.266,1.1203825240055298
generated-080,96,8,5307.602,5950.427,1.1211140172153073
generated-081,96,8,5084.86,5771.006,1.1349390150367955
generated-082,96,8,6132.959,6431.341,1.0486522085016385
generated-083,96,8,5356.78,6109.752,1.1405642942215286
generated-084,96,8,5553.705,7008.557,1.2619606190822164
generated-085,96,8,5458.095,6223.805,1.140288873682118
generated-086,256,1,22008.179,15204.853,0.6908728341404348
generated-087,256,1,21876.425,12608.554,0.5763534946866319
generated-088,256,1,21568.644,12951.323,0.600469969275769
generated-089,256,1,22593.426,13769.164,0.6094323189409168
generated-090,256,1,20437.789,12317.215,0.6026686644039627
generated-091,256,1,22401.355,12184.48,0.5439170978719814
generated-092,256,1,23492.797,12721.996,0.5415275158594356
generated-093,256,1,21617.429,12393.352,0.5733036986035666
generated-094,256,4,20405.284,17780.131,0.8713493524520414
generated-095,256,4,20240.513,17776.919,0.8782840138488585
generated-096,256,4,20508.099,16489.127,0.8040300078520198
generated-097,256,4,21104.62,16772.617,0.7947367448454414
generated-098,256,4,20586.968,17622.116,0.855984038057474
generated-099,256,4,20661.567,16352.785,0.7914590892355842
generated-100,256,4,21087.347,15543.218,0.7370874107586887
generated-101,256,4,19875.228,15992.993,0.8046696621543159
generated-102,256,8,23558.071,20434.106,0.8673930051403614
generated-103,256,8,21310.669,20092.511,0.9428381154997997
generated-104,256,8,21358.389,20991.024,0.9827999667952485
generated-105,256,8,22020.757,20103.441,0.9129314219306811
generated-106,256,8,22403.773,20150.411,0.8994204235152713
generated-107,256,8,21245.552,19935.225,0.9383246432006097
generated-108,256,8,23054.669,26111.764,1.1326019905122038
generated-109,256,8,22960.183,22869.473,0.9960492475168861
