case,targets,declared_changes,repetition,first_strategy,full_time_us,incremental_time_us,runtime_ratio
generated-001,24,1,1,incremental,827.749,888.198,1.0730281764157976
generated-001,24,1,2,full,1057.088,894.343,0.8460440379608888
generated-001,24,1,3,incremental,890.759,866.823,0.9731285342050993
generated-001,24,1,4,full,757.076,859.452,1.1352255255747112
generated-001,24,1,5,incremental,789.09,863.439,1.0942211914990685
generated-001,24,1,6,full,809.569,1272.006,1.5712138187109437
generated-001,24,1,7,incremental,795.721,1218.389,1.5311761283163319
generated-002,24,1,1,full,832.08,1054.147,1.2668817902124796
generated-002,24,1,2,incremental,793.326,988.838,1.2464459755510344
generated-002,24,1,3,full,871.964,1380.908,1.583675472840622
generated-002,24,1,4,incremental,784.011,861.229,1.0984909650502352
generated-002,24,1,5,full,859.606,922.526,1.0731963248278862
generated-002,24,1,6,incremental,1190.593,1040.584,0.8740048026487641
generated-002,24,1,7,full,1084.309,1307.782,1.2060971549622848
generated-003,24,1,1,incremental,806.596,874.371,1.0840259559928391
generated-003,24,1,2,full,773.398,1008.262,1.303678054507511
generated-003,24,1,3,incremental,771.041,872.099,1.1310669601227432
generated-003,24,1,4,full,755.906,1039.758,1.3755122991483069
generated-003,24,1,5,incremental,769.477,907.005,1.1787291887866693
generated-003,24,1,6,full,795.646,856.983,1.0770908167702722
generated-003,24,1,7,incremental,807.418,951.413,1.1783400915015518
generated-004,24,1,1,full,1184.403,4719.192,3.9844478610743135
generated-004,24,1,2,incremental,770.551,896.881,1.1639476167054483
generated-004,24,1,3,full,1510.279,1017.513,0.673725185876252
generated-004,24,1,4,incremental,783.588,873.792,1.1151166174060858
generated-004,24,1,5,full,965.587,1016.484,1.0527109416344669
generated-004,24,1,6,incremental,760.326,980.365,1.2894008622617141
generated-004,24,1,7,full,772.856,1258.952,1.6289606343225647
generated-005,24,1,1,incremental,798.884,1159.11,1.4509115215725938
generated-005,24,1,2,full,769.9,866.781,1.1258358228341343
generated-005,24,1,3,incremental,880.457,1289.993,1.465140262386465
generated-005,24,1,4,full,808.896,894.842,1.1062509890022945
generated-005,24,1,5,incremental,760.377,936.546,1.2316863871474282
generated-005,24,1,6,full,768.342,860.21,1.1195665471886218
generated-005,24,1,7,incremental,797.009,844.66,1.0597872796919483
generated-006,24,1,1,full,790.838,888.641,1.1236700816096343
generated-006,24,1,2,incremental,902.303,925.818,1.026061090343266
generated-006,24,1,3,full,844.284,890.432,1.054659332641623
generated-006,24,1,4,incremental,847.484,873.476,1.030669605561875
generated-006,24,1,5,full,778.019,849.394,1.091739404821733
generated-006,24,1,6,incremental,858.478,870.476,1.013975896877963
generated-006,24,1,7,full,903.31,1626.835,1.8009708737864079
generated-007,24,1,1,incremental,1046.54,952.421,0.9100665048636459
generated-007,24,1,2,full,912.02,884.057,0.9693394881691191
generated-007,24,1,3,incremental,904.657,1212.924,1.3407556676176717
generated-007,24,1,4,full,775.84,1110.454,1.4312925345432048
generated-007,24,1,5,incremental,777.81,880.25,1.131703115156658
generated-007,24,1,6,full,823.58,863.36,1.048301318633284
generated-007,24,1,7,incremental,763.498,860.522,1.127078263466309
generated-008,24,1,1,full,905.778,864.51,0.9544391672131582
generated-008,24,1,2,incremental,1221.636,883.091,0.7228757174804934
generated-008,24,1,3,full,878.625,894.561,1.0181374306444728
generated-008,24,1,4,incremental,2455.308,2921.457,1.1898535743784486
generated-008,24,1,5,full,799.631,961.691,1.202668480836786
generated-008,24,1,6,incremental,864.012,846.86,0.9801484238644833
generated-008,24,1,7,full,798.956,885.994,1.108939666264475
generated-009,24,1,1,incremental,777.737,886.623,1.1400036259043866
generated-009,24,1,2,full,796.888,866.557,1.087426338456596
generated-009,24,1,3,incremental,752.526,1053.318,1.3997097774694829
generated-009,24,1,4,full,760.925,876.509,1.1518993330485923
generated-009,24,1,5,incremental,771.092,844.94,1.0957706732789343
generated-009,24,1,6,full,752.438,859.999,1.1429499839189408
generated-009,24,1,7,incremental,761.098,852.891,1.120606019198579
generated-010,24,1,1,full,772.984,912.475,1.1804578102522174
generated-010,24,1,2,incremental,789.152,922.587,1.1690865638051986
generated-010,24,1,3,full,1763.784,1143.173,0.648136619903571
generated-010,24,1,4,incremental,815.664,993.496,1.218021145962063
generated-010,24,1,5,full,1025.632,1070.364,1.0436140838039374
generated-010,24,1,6,incremental,1016.392,935.409,0.9203230643295106
generated-010,24,1,7,full,784.544,868.106,1.1065102785822083
generated-011,24,1,1,incremental,940.826,904.316,0.9611936744945399
generated-011,24,1,2,full,830.454,868.826,1.0462060511479263
generated-011,24,1,3,incremental,755.611,879.247,1.1636238752479782
generated-011,24,1,4,full,757.812,866.303,1.1431634759016749
generated-011,24,1,5,incremental,781.368,939.343,1.202177463115971
generated-011,24,1,6,full,750.894,874.247,1.164274851044222
generated-011,24,1,7,incremental,858.007,1119.02,1.3042084738236401
generated-012,24,1,1,full,1160.109,1600.266,1.3794100381946868
generated-012,24,1,2,incremental,1241.199,974.806,0.7853744645298618
generated-012,24,1,3,full,800.181,1175.654,1.4692350855618916
generated-012,24,1,4,incremental,4686.503,1444.086,0.3081372187321762
generated-012,24,1,5,full,1656.266,1282.768,0.7744939520584254
generated-012,24,1,6,incremental,940.17,2028.376,2.157456630183903
generated-012,24,1,7,full,1214.907,1354.085,1.1145585629188077
generated-013,24,1,1,incremental,892.16,862.0,0.9661944045911047
generated-013,24,1,2,full,929.661,939.111,1.0101649956274383
generated-013,24,1,3,incremental,788.205,870.92,1.104940973477712
generated-013,24,1,4,full,864.949,984.116,1.137773440977445
generated-013,24,1,5,incremental,758.343,867.243,1.1436025650662036
generated-013,24,1,6,full,765.891,941.702,1.2295509413219374
generated-013,24,1,7,incremental,773.684,897.778,1.1603936490867073
generated-014,24,1,1,full,787.59,865.535,1.0989664673243693
generated-014,24,1,2,incremental,891.066,1058.033,1.1873789371382142
generated-014,24,1,3,full,847.581,1691.184,1.9953066432588744
generated-014,24,1,4,incremental,792.782,1087.471,1.371715049029872
generated-014,24,1,5,full,784.112,1084.66,1.3832972840614606
generated-014,24,1,6,incremental,782.685,1013.39,1.294760983026377
generated-014,24,1,7,full,791.982,862.154,1.0886030238060966
generated-015,24,1,1,incremental,761.516,917.441,1.204756039269037
generated-015,24,1,2,full,777.607,1030.715,1.325496041059301
generated-015,24,1,3,incremental,814.755,922.493,1.132233616240465
generated-015,24,1,4,full,901.812,861.728,0.9555517114431833
generated-015,24,1,5,incremental,1031.841,1295.266,1.2552961163590126
generated-015,24,1,6,full,767.028,1023.422,1.3342694138936257
generated-015,24,1,7,incremental,795.976,944.48,1.1865684392494247
generated-016,24,1,1,full,772.774,946.093,1.2242816140294575
generated-016,24,1,2,incremental,778.288,870.195,1.1180886766852374
generated-016,24,1,3,full,791.193,1294.463,1.636090056408487
generated-016,24,1,4,incremental,1442.36,990.411,0.6866600571285948
generated-016,24,1,5,full,779.48,958.734,1.2299661312669985
generated-016,24,1,6,incremental,786.439,964.851,1.226860570241303
generated-016,24,1,7,full,776.182,861.043,1.1093313166241938
generated-017,24,1,1,incremental,1234.943,4499.666,3.6436224182006782
generated-017,24,1,2,full,991.957,2798.389,2.82107893789751
generated-017,24,1,3,incremental,988.616,944.946,0.9558271361175623
generated-017,24,1,4,full,835.328,933.17,1.1171300375421391
generated-017,24,1,5,incremental,920.621,871.71,0.9468717311466933
generated-017,24,1,6,full,827.826,1040.637,1.2570721383479138
generated-017,24,1,7,incremental,839.823,956.775,1.1392579150606734
generated-018,24,1,1,full,905.88,970.665,1.0715160948469995
generated-018,24,1,2,incremental,768.181,875.278,1.1394163615085506
generated-018,24,1,3,full,1134.994,1167.83,1.028930549412596
generated-018,24,1,4,incremental,805.64,966.544,1.1997219601807259
generated-018,24,1,5,full,1257.317,1026.593,0.8164949650724519
generated-018,24,1,6,incremental,1016.318,852.252,0.8385682434041314
generated-018,24,1,7,full,921.298,967.868,1.0505482482323851
generated-019,24,1,1,incremental,885.649,1241.754,1.402083669715655
generated-019,24,1,2,full,862.056,874.823,1.014809942741539
generated-019,24,1,3,incremental,790.271,914.803,1.1575813866382545
generated-019,24,1,4,full,759.551,1027.682,1.353012503439532
generated-019,24,1,5,incremental,773.499,954.217,1.233637018276688
generated-019,24,1,6,full,762.342,1024.271,1.3435846378659446
generated-019,24,1,7,incremental,784.488,891.8,1.1367924047276694
generated-020,24,1,1,full,787.992,893.32,1.1336663316378846
generated-020,24,1,2,incremental,799.407,935.557,1.1703137450635284
generated-020,24,1,3,full,782.219,1123.073,1.43575264727653
generated-020,24,1,4,incremental,893.194,980.496,1.097741364138138
generated-020,24,1,5,full,1006.793,993.234,0.9865324848305461
generated-020,24,1,6,incremental,1121.007,890.985,0.7948077041445771
generated-020,24,1,7,full,788.744,920.414,1.1669362936516792
generated-021,24,4,1,incremental,800.904,1048.066,1.3086037777311639
generated-021,24,4,2,full,770.174,1260.034,1.6360380900939269
generated-021,24,4,3,incremental,762.662,1027.37,1.3470842915996863
generated-021,24,4,4,full,784.288,1058.237,1.349296431922967
generated-021,24,4,5,incremental,834.195,1020.302,1.2230977169606627
generated-021,24,4,6,full,777.797,950.191,1.2216439507995016
generated-021,24,4,7,incremental,791.872,966.782,1.220881657641639
generated-022,24,4,1,full,992.69,1015.03,1.0225045079531374
generated-022,24,4,2,incremental,866.222,1243.838,1.4359344371304354
generated-022,24,4,3,full,756.248,992.806,1.3128047941944971
generated-022,24,4,4,incremental,749.46,1057.717,1.4113054732740906
generated-022,24,4,5,full,853.09,1085.17,1.2720463257100658
generated-022,24,4,6,incremental,787.289,1070.843,1.3601650728004582
generated-022,24,4,7,full,955.601,1081.52,1.1317694309654343
generated-023,24,4,1,incremental,882.1,1176.187,1.3333941729962588
generated-023,24,4,2,full,845.032,1071.04,1.2674549602855276
generated-023,24,4,3,incremental,841.034,968.162,1.1511567903319009
generated-023,24,4,4,full,867.165,1036.724,1.1955325687729554
generated-023,24,4,5,incremental,771.533,951.042,1.2326653558564573
generated-023,24,4,6,full,757.07,933.415,1.232930904671959
generated-023,24,4,7,incremental,791.062,1053.194,1.3313672000424746
generated-024,24,4,1,full,877.32,987.829,1.1259620206994028
generated-024,24,4,2,incremental,772.863,1212.764,1.5691836716209728
generated-024,24,4,3,full,759.604,930.785,1.2253555800127436
generated-024,24,4,4,incremental,809.612,968.841,1.1966732212467206
generated-024,24,4,5,full,776.397,939.546,1.2101360515303383
generated-024,24,4,6,incremental,817.464,957.135,1.1708589002084495
generated-024,24,4,7,full,786.719,1057.451,1.3441279541996571
generated-025,24,4,1,incremental,861.498,959.775,1.1140768753961123
generated-025,24,4,2,full,773.629,989.996,1.2796779851841127
generated-025,24,4,3,incremental,776.46,1046.203,1.3474010251654946
generated-025,24,4,4,full,1006.344,1577.571,1.5676259807779447
generated-025,24,4,5,incremental,757.868,1122.685,1.4813727456496382
generated-025,24,4,6,full,779.099,1481.547,1.9016158408623294
generated-025,24,4,7,incremental,858.023,1302.095,1.517552559779866
generated-026,24,4,1,full,813.605,1544.418,1.8982405467026382
generated-026,24,4,2,incremental,814.945,1305.223,1.6016086975194646
generated-026,24,4,3,full,774.75,1026.257,1.3246298806066472
generated-026,24,4,4,incremental,758.844,1247.597,1.644075725709105
generated-026,24,4,5,full,980.942,1446.054,1.4741483186569644
generated-026,24,4,6,incremental,779.67,1247.751,1.6003578437031052
generated-026,24,4,7,full,766.323,1205.981,1.573724134601206
generated-027,24,4,1,incremental,781.97,1062.203,1.3583679680806169
generated-027,24,4,2,full,758.921,997.149,1.3139035551789975
generated-027,24,4,3,incremental,1180.841,1024.319,0.8674487081664678
generated-027,24,4,4,full,2377.858,1151.884,0.4844208527170252
generated-027,24,4,5,incremental,876.864,1765.841,2.0138140008028613
generated-027,24,4,6,full,1245.327,1140.852,0.9161063720613141
generated-027,24,4,7,incremental,873.995,1438.709,1.6461295545169023
generated-028,24,4,1,full,986.01,1046.768,1.061620064705226
generated-028,24,4,2,incremental,790.732,1009.257,1.2763578557589677
generated-028,24,4,3,full,750.263,976.809,1.3019554476230335
generated-028,24,4,4,incremental,770.426,1266.982,1.6445213427376542
generated-028,24,4,5,full,1279.977,1090.222,0.851751242405137
generated-028,24,4,6,incremental,766.065,1024.435,1.3372690306958286
generated-028,24,4,7,full,999.807,981.333,0.9815224338297291
generated-029,24,4,1,incremental,922.884,1112.54,1.2055036169226034
generated-029,24,4,2,full,776.261,1004.95,1.2946032326756078
generated-029,24,4,3,incremental,939.226,1712.738,1.8235632318526105
generated-029,24,4,4,full,900.504,1021.313,1.1341570942494426
generated-029,24,4,5,incremental,905.698,1240.689,1.3698705307950332
generated-029,24,4,6,full,915.287,988.306,1.0797771627915616
generated-029,24,4,7,incremental,795.724,1115.638,1.4020414113436317
generated-030,24,4,1,full,853.969,955.235,1.118582758858928
generated-030,24,4,2,incremental,860.131,1301.157,1.512742826383423
generated-030,24,4,3,full,843.047,971.339,1.1521765690406347
generated-030,24,4,4,incremental,842.276,948.619,1.1262567139512465
generated-030,24,4,5,full,803.271,989.658,1.232035016824957
generated-030,24,4,6,incremental,849.988,951.068,1.1189193259198953
generated-030,24,4,7,full,828.375,1035.663,1.250234495246718
generated-031,24,4,1,incremental,766.297,1135.728,1.4820989772894844
generated-031,24,4,2,full,783.552,980.749,1.2516705974842768
generated-031,24,4,3,incremental,906.176,4785.859,5.281379113991101
generated-031,24,4,4,full,778.147,2932.758,3.768899706610705
generated-031,24,4,5,incremental,838.063,2556.399,3.0503661419248913
generated-031,24,4,6,full,1134.397,1006.36,0.8871321063084616
generated-031,24,4,7,incremental,831.882,969.878,1.1658841037551
generated-032,24,4,1,full,811.415,1007.437,1.2415804489687767
generated-032,24,4,2,incremental,805.669,996.902,1.2373592629231112
generated-032,24,4,3,full,762.199,976.588,1.2812769368629453
generated-032,24,4,4,incremental,797.683,979.641,1.2281081582533413
generated-032,24,4,5,full,760.376,955.975,1.25723983923743
generated-032,24,4,6,incremental,778.139,970.909,1.247732088996953
generated-032,24,4,7,full,877.315,973.189,1.1092811589907843
generated-033,24,4,1,incremental,807.766,1080.971,1.3382229507060213
generated-033,24,4,2,full,1143.879,1278.859,1.1180019914693775
generated-033,24,4,3,incremental,781.612,1154.199,1.4766904806988634
generated-033,24,4,4,full,763.998,1061.279,1.389112275163024
generated-033,24,4,5,incremental,778.891,987.574,1.2679232395803777
generated-033,24,4,6,full,754.764,980.141,1.2986059218510686
generated-033,24,4,7,incremental,769.708,995.499,1.2933463079505474
generated-034,24,4,1,full,1197.144,1237.704,1.033880635913474
generated-034,24,4,2,incremental,851.926,1139.307,1.3373309418893191
generated-034,24,4,3,full,766.349,1132.979,1.4784112721488512
generated-034,24,4,4,incremental,859.397,1476.22,1.7177392986012285
generated-034,24,4,5,full,822.898,1027.168,1.2482324662351834
generated-034,24,4,6,incremental,803.915,1051.59,1.3080860538738548
generated-034,24,4,7,full,764.476,1030.323,1.3477506161082886
generated-035,24,4,1,incremental,794.585,1058.97,1.3327334394684018
generated-035,24,4,2,full,1191.108,990.8,0.8318305309006404
generated-035,24,4,3,incremental,981.727,981.901,1.0001772386824443
generated-035,24,4,4,full,1158.624,1009.594,0.871373284171569
generated-035,24,4,5,incremental,764.625,1118.098,1.4622828183750205
generated-035,24,4,6,full,767.964,959.834,1.2498424405310666
generated-035,24,4,7,incremental,807.983,1022.65,1.265682570054073
generated-036,24,4,1,full,1110.487,936.99,0.843764942768353
generated-036,24,4,2,incremental,817.377,901.779,1.1032595729999743
generated-036,24,4,3,full,907.75,945.717,1.0418253924538694
generated-036,24,4,4,incremental,785.453,891.921,1.1355498037438267
generated-036,24,4,5,full,810.796,893.022,1.1014139191609233
generated-036,24,4,6,incremental,773.895,924.253,1.1942873387216613
generated-036,24,4,7,full,821.409,947.261,1.1532147809434763
generated-037,24,4,1,incremental,2867.474,2358.268,0.8224200114804877
generated-037,24,4,2,full,1758.108,1057.189,0.6013219893203375
generated-037,24,4,3,incremental,811.68,1197.053,1.4747843977922335
generated-037,24,4,4,full,1065.767,1074.288,1.0079951809354202
generated-037,24,4,5,incremental,822.486,1465.271,1.7815148221367902
generated-037,24,4,6,full,822.542,1129.634,1.3733450693095306
generated-037,24,4,7,incremental,971.515,1248.603,1.2852122715552514
generated-038,24,4,1,full,820.488,968.266,1.1801098858240462
generated-038,24,4,2,incremental,931.499,957.824,1.0282608999043477
generated-038,24,4,3,full,789.031,912.064,1.1559292347195484
generated-038,24,4,4,incremental,1258.032,931.523,0.7404604970302823
generated-038,24,4,5,full,827.38,1933.628,2.337049481495806
generated-038,24,4,6,incremental,927.723,1345.064,1.4498551830664972
generated-038,24,4,7,full,791.877,951.326,1.2013557661101408
generated-039,24,4,1,incremental,848.891,1726.499,2.03382884257225
generated-039,24,4,2,full,1302.068,1040.847,0.7993799094978142
generated-039,24,4,3,incremental,799.163,2875.425,3.59804570531919
generated-039,24,4,4,full,1464.76,3685.232,2.5159288893743685
generated-039,24,4,5,incremental,965.505,1026.76,1.0634434829441588
generated-039,24,4,6,full,818.376,1748.979,2.137133786914572
generated-039,24,4,7,incremental,1735.684,1030.663,0.5938079742625962
generated-040,24,4,1,full,786.552,1077.097,1.3693907077980858
generated-040,24,4,2,incremental,768.746,988.942,1.2864353115333282
generated-040,24,4,3,full,833.005,1021.12,1.2258269758284763
generated-040,24,4,4,incremental,774.691,988.43,1.2759022629667829
generated-040,24,4,5,full,759.92,2038.782,2.682890304242552
generated-040,24,4,6,incremental,945.241,994.336,1.0519391350988796
generated-040,24,4,7,full,769.674,1210.571,1.5728360318784316
generated-041,96,1,1,incremental,5708.64,5686.14,0.9960586059026318
generated-041,96,1,2,full,6280.45,4277.883,0.6811427525097724
generated-041,96,1,3,incremental,5680.873,4237.27,0.7458835992284989
generated-041,96,1,4,full,7247.868,5148.959,0.7104101509574954
generated-041,96,1,5,incremental,5312.526,5123.956,0.964504644306682
generated-041,96,1,6,full,4918.126,4587.104,0.9326934690164506
generated-041,96,1,7,incremental,6257.995,4837.147,0.772954756275772
generated-042,96,1,1,full,10122.794,4692.454,0.4635532442920403
generated-042,96,1,2,incremental,5198.963,6245.532,1.2013034137769398
generated-042,96,1,3,full,5423.868,4345.238,0.8011326971821585
generated-042,96,1,4,incremental,8972.6,5364.612,0.5978882375231259
generated-042,96,1,5,full,5397.868,4168.009,0.7721583780855701
generated-042,96,1,6,incremental,4833.653,4600.751,0.9518165660629756
generated-042,96,1,7,full,4864.217,4205.005,0.8644772632470961
generated-043,96,1,1,incremental,4918.357,4567.892,0.9287434808006007
generated-043,96,1,2,full,10365.484,5294.817,0.5108123267567631
generated-043,96,1,3,incremental,5152.861,4679.128,0.9080640832345371
generated-043,96,1,4,full,4993.208,4284.488,0.8580631930414275
generated-043,96,1,5,incremental,5109.989,4213.962,0.8246518730275153
generated-043,96,1,6,full,5532.367,5105.307,0.9228070010539793
generated-043,96,1,7,incremental,6649.497,5475.227,0.8234046876026864
generated-044,96,1,1,full,5087.406,4746.305,0.9329518815679346
generated-044,96,1,2,incremental,5324.193,5340.552,1.0030725783231373
generated-044,96,1,3,full,5032.149,5270.233,1.047312589511956
generated-044,96,1,4,incremental,5911.499,5561.505,0.9407943738128011
generated-044,96,1,5,full,6770.358,5304.619,0.7835064261003628
generated-044,96,1,6,incremental,4956.161,4260.051,0.8595465320840061
generated-044,96,1,7,full,4899.105,4174.141,0.852021134472521
generated-045,96,1,1,incremental,4872.333,4106.217,0.8427619787071204
generated-045,96,1,2,full,4897.701,4076.217,0.8322715086118977
generated-045,96,1,3,incremental,9607.599,5339.964,0.5558062945799466
generated-045,96,1,4,full,6024.426,4653.221,0.7723924237761407
generated-045,96,1,5,incremental,7822.399,5359.71,0.6851747143043969
generated-045,96,1,6,full,7100.056,38659.898,5.445013109755754
generated-045,96,1,7,incremental,8862.514,5339.64,0.6024972146729473
generated-046,96,1,1,full,4978.154,4107.978,0.8252010685085275
generated-046,96,1,2,incremental,5896.919,4545.783,0.7708742480607246
generated-046,96,1,3,full,5477.398,4673.014,0.8531448691513744
generated-046,96,1,4,incremental,5457.949,4404.967,0.8070736828064902
generated-046,96,1,5,full,5250.068,4225.39,0.8048257660662681
generated-046,96,1,6,incremental,5958.702,4852.894,0.8144213286719154
generated-046,96,1,7,full,11317.649,10311.389,0.9110893083890479
generated-047,96,1,1,incremental,4935.332,4296.308,0.8705205647765946
generated-047,96,1,2,full,5424.418,4742.411,0.8742709356100506
generated-047,96,1,3,incremental,4919.407,4618.287,0.9387893703448403
generated-047,96,1,4,full,5383.914,4654.514,0.8645223530687898
generated-047,96,1,5,incremental,6196.278,4137.025,0.6676629098952629
generated-047,96,1,6,full,5049.018,4726.311,0.9360851951805281
generated-047,96,1,7,incremental,5763.431,4628.481,0.8030773683245275
generated-048,96,1,1,full,6636.827,7443.221,1.1215029410891681
generated-048,96,1,2,incremental,5640.655,4739.362,0.8402148332064273
generated-048,96,1,3,full,5374.617,5417.405,1.0079611254160064
generated-048,96,1,4,incremental,6117.831,5023.595,0.8211398778423268
generated-048,96,1,5,full,6295.58,4838.584,0.7685684241960232
generated-048,96,1,6,incremental,5793.294,4821.443,0.8322455238763992
generated-048,96,1,7,full,5385.353,4729.491,0.8782137401206569
generated-049,96,1,1,incremental,4895.657,4820.312,0.9846098286705952
generated-049,96,1,2,full,5281.585,4471.447,0.8466108185326943
generated-049,96,1,3,incremental,5440.439,4346.921,0.7990018820172416
generated-049,96,1,4,full,5182.401,4339.212,0.8372976155260853
generated-049,96,1,5,incremental,5308.437,4214.71,0.7939644004440478
generated-049,96,1,6,full,5313.579,4205.64,0.7914891262555803
generated-049,96,1,7,incremental,5120.382,5899.368,1.1521343524760457
generated-050,96,1,1,full,6569.966,4988.096,0.75922706449318
generated-050,96,1,2,incremental,5049.255,4475.731,0.886414134362396
generated-050,96,1,3,full,5731.385,4768.322,0.8319667933666993
generated-050,96,1,4,incremental,5889.366,4638.148,0.787546231631724
generated-050,96,1,5,full,5191.782,4712.636,0.9077106858492903
generated-050,96,1,6,incremental,5278.95,4391.684,0.8319237727199538
generated-050,96,1,7,full,5553.098,4247.043,0.7648060596085284
generated-051,96,1,1,incremental,4899.068,4544.332,0.9275911254957065
generated-051,96,1,2,full,5053.549,5031.519,0.9956406873664428
generated-051,96,1,3,incremental,4865.835,4502.169,0.9252613374682865
generated-051,96,1,4,full,5041.149,4170.968,0.8273843919312839
generated-051,96,1,5,incremental,5563.761,4714.834,0.8474184998241298
generated-051,96,1,6,full,5377.653,4178.698,0.7770486492899412
generated-051,96,1,7,incremental,7384.61,4796.529,0.6495304423659476
generated-052,96,1,1,full,5392.246,6164.757,1.1432633080909143
generated-052,96,1,2,incremental,5119.333,5545.325,1.083212402865764
generated-052,96,1,3,full,5056.844,4173.455,0.8253082357296369
generated-052,96,1,4,incremental,5574.858,4605.294,0.8260827450672286
generated-052,96,1,5,full,5206.346,4667.896,0.8965781375267798
generated-052,96,1,6,incremental,5458.567,4516.763,0.8274631418832086
generated-052,96,1,7,full,5224.68,4536.726,0.8683260984404787
generated-053,96,1,1,incremental,7064.026,4749.509,0.672351574017423
generated-053,96,1,2,full,5288.176,9118.619,1.724341058240119
generated-053,96,1,3,incremental,5632.045,5882.195,1.0444154831859476
generated-053,96,1,4,full,6656.608,5282.186,0.7935251707776694
generated-053,96,1,5,incremental,5532.603,5081.705,0.9185016528386367
generated-053,96,1,6,full,5331.489,4948.97,0.9282528764478366
generated-053,96,1,7,incremental,5145.652,4894.608,0.9512124022378505
generated-054,96,1,1,full,5148.232,4317.233,0.8385855571388391
generated-054,96,1,2,incremental,5417.557,4427.439,0.8172390248962771
generated-054,96,1,3,full,5124.966,4290.103,0.8370988217287686
generated-054,96,1,4,incremental,5220.915,4393.43,0.8415057513864906
generated-054,96,1,5,full,4912.683,4568.314,0.9299020514859192
generated-054,96,1,6,incremental,5502.655,4858.957,0.8830204692098632
generated-054,96,1,7,full,5421.47,4325.457,0.7978384091399565
generated-055,96,1,1,incremental,5067.535,4895.797,0.9661101502012319
generated-055,96,1,2,full,5118.669,4498.382,0.8788186929063004
generated-055,96,1,3,incremental,5963.601,4610.325,0.7730773738886958
generated-055,96,1,4,full,5872.804,4778.151,0.8136064135632656
generated-055,96,1,5,incremental,5915.426,5599.357,0.9465686833036201
generated-055,96,1,6,full,5579.829,4364.402,0.7821748659322714
generated-055,96,1,7,incremental,5480.91,4964.165,0.9057191232842722
generated-056,96,4,1,full,4972.626,6241.178,1.2551070601328151
generated-056,96,4,2,incremental,5331.417,6372.248,1.1952259596276187
generated-056,96,4,3,full,5005.006,5499.192,1.0987383431708173
generated-056,96,4,4,incremental,5407.426,5895.915,1.0903366962395786
generated-056,96,4,5,full,5026.075,5524.727,1.0992130041831847
generated-056,96,4,6,incremental,4959.783,5598.14,1.1287066389799716
generated-056,96,4,7,full,5753.05,5797.872,1.0077909978185484
generated-057,96,4,1,incremental,5359.365,5815.566,1.08512221130675
generated-057,96,4,2,full,5030.178,5373.15,1.0681828754370124
generated-057,96,4,3,incremental,5181.456,5941.002,1.146589298452018
generated-057,96,4,4,full,5124.833,5551.823,1.0833178368934169
generated-057,96,4,5,incremental,5740.711,5228.821,0.9108316025663024
generated-057,96,4,6,full,5525.281,5643.727,1.0214370997601752
generated-057,96,4,7,incremental,4903.802,5183.964,1.0571315889181496
generated-058,96,4,1,full,6674.68,6062.396,0.9082676622699515
generated-058,96,4,2,incremental,5336.629,5421.521,1.015907420208525
generated-058,96,4,3,full,5634.516,5785.311,1.026762724606692
generated-058,96,4,4,incremental,5085.585,5323.01,1.0466858778291976
generated-058,96,4,5,full,5147.189,5555.224,1.0792733664918852
generated-058,96,4,6,incremental,6143.74,5430.949,0.8839809301825924
generated-058,96,4,7,full,7698.54,6825.016,0.8865338103068894
generated-059,96,4,1,incremental,5266.378,5877.541,1.1160499683083895
generated-059,96,4,2,full,6013.747,5892.4,0.9798217317755469
generated-059,96,4,3,incremental,5000.189,5383.867,1.0767326995039588
generated-059,96,4,4,full,5277.699,5756.015,1.0906296475035806
generated-059,96,4,5,incremental,5308.908,5435.803,1.0239022789620766
generated-059,96,4,6,full,5166.574,5750.979,1.1131126738918284
generated-059,96,4,7,incremental,5818.597,6877.359,1.1819617340743824
generated-060,96,4,1,full,5501.158,6218.212,1.1303460107853656
generated-060,96,4,2,incremental,6789.174,5003.952,0.7370487190341565
generated-060,96,4,3,full,5372.689,5495.072,1.022778724024413
generated-060,96,4,4,incremental,6652.466,5423.69,0.8152901495475512
generated-060,96,4,5,full,5235.199,5133.234,0.9805231854605718
generated-060,96,4,6,incremental,5976.588,5039.29,0.8431717227287543
generated-060,96,4,7,full,5729.986,5492.489,0.9585519057114624
generated-061,96,4,1,incremental,5487.56,5372.982,0.9791204105285409
generated-061,96,4,2,full,6014.729,5528.884,0.9192241246446847
generated-061,96,4,3,incremental,5307.286,5416.997,1.0206717708448347
generated-061,96,4,4,full,6067.279,5412.355,0.8920563896929744
generated-061,96,4,5,incremental,5324.582,5038.899,0.9463463986468797
generated-061,96,4,6,full,5350.103,5215.921,0.974919735190145
generated-061,96,4,7,incremental,5228.003,4929.624,0.9429267733779035
generated-062,96,4,1,full,5030.924,5325.652,1.0585832741659384
generated-062,96,4,2,incremental,7565.145,6592.396,0.8714170052259408
generated-062,96,4,3,full,5610.629,5424.727,0.9668661036044265
generated-062,96,4,4,incremental,6743.724,7607.466,1.1280808645193665
generated-062,96,4,5,full,7535.785,8413.862,1.1165209729311545
generated-062,96,4,6,incremental,6164.003,5308.865,0.8612690487009821
generated-062,96,4,7,full,5382.2,5361.935,0.9962348110438111
generated-063,96,4,1,incremental,5307.406,5338.285,1.005818096448623
generated-063,96,4,2,full,5337.247,5272.407,0.9878514147836891
generated-063,96,4,3,incremental,5213.558,5704.165,1.094102146748919
generated-063,96,4,4,full,5345.835,6319.136,1.1820671606961308
generated-063,96,4,5,incremental,4997.811,5845.433,1.1695986502890965
generated-063,96,4,6,full,9248.927,7016.677,0.7586476788064173
generated-063,96,4,7,incremental,5563.786,5693.685,1.0233472315434131
generated-064,96,4,1,full,5391.603,5767.005,1.0696271591213224
generated-064,96,4,2,incremental,5181.642,5888.372,1.13639112852644
generated-064,96,4,3,full,5086.564,5275.281,1.037101076483064
generated-064,96,4,4,incremental,4942.727,5221.906,1.0564827877404517
generated-064,96,4,5,full,5561.496,6130.969,1.1023956503789627
generated-064,96,4,6,incremental,5189.809,6246.573,1.2036229078950689
generated-064,96,4,7,full,5787.081,5411.152,0.9350399622884145
generated-065,96,4,1,incremental,5836.599,5495.677,0.9415889287579976
generated-065,96,4,2,full,5190.794,5448.945,1.0497324686743492
generated-065,96,4,3,incremental,5260.53,5256.512,0.999236198633978
generated-065,96,4,4,full,5469.457,5379.788,0.9836055023378006
generated-065,96,4,5,incremental,5844.28,6911.27,1.1825699658469477
generated-065,96,4,6,full,5797.78,5779.548,0.9968553480815071
generated-065,96,4,7,incremental,5336.549,6514.361,1.220706677667534
generated-066,96,4,1,full,5113.596,4878.912,0.954105877742395
generated-066,96,4,2,incremental,5197.175,5051.213,0.9719151269680163
generated-066,96,4,3,full,5097.499,5400.424,1.0594262009663955
generated-066,96,4,4,incremental,5207.127,6316.201,1.2129915402485862
generated-066,96,4,5,full,4908.393,7740.622,1.5770175697015296
generated-066,96,4,6,incremental,6014.357,7014.986,1.1663733961918124
generated-066,96,4,7,full,5693.228,6258.089,1.0992162969759862
generated-067,96,4,1,incremental,5347.029,5518.674,1.0321010041277128
generated-067,96,4,2,full,5691.343,5554.508,0.9759573443385858
generated-067,96,4,3,incremental,5045.47,5384.213,1.0671380466041815
generated-067,96,4,4,full,4900.953,5907.014,1.2052786468264438
generated-067,96,4,5,incremental,5013.03,5644.677,1.1260010412864077
generated-067,96,4,6,full,5522.131,5453.151,0.9875084455620484
generated-067,96,4,7,incremental,4955.899,5470.312,1.103798120179608
generated-068,96,4,1,full,6260.597,5538.212,0.8846140392042484
generated-068,96,4,2,incremental,6329.869,6501.074,1.0270471632193336
generated-068,96,4,3,full,5437.025,5353.881,0.9847078135561267
generated-068,96,4,4,incremental,5050.82,5366.311,1.062463322787191
generated-068,96,4,5,full,4991.047,5197.963,1.0414574336807487
generated-068,96,4,6,incremental,5918.913,5373.461,0.907845916978337
generated-068,96,4,7,full,5528.753,5179.143,0.9367651258791991
generated-069,96,4,1,incremental,5258.364,5520.097,1.0497746067027691
generated-069,96,4,2,full,5569.864,6062.152,1.0883842047130774
generated-069,96,4,3,incremental,4783.031,5372.339,1.1232080661823016
generated-069,96,4,4,full,5058.112,5943.459,1.1750350723748308
generated-069,96,4,5,incremental,5011.425,5335.805,1.0647280962999546
generated-069,96,4,6,full,5115.063,6589.661,1.288285403327388
generated-069,96,4,7,incremental,6268.888,7263.069,1.1585896892718452
generated-070,96,4,1,full,5599.486,4761.171,0.8502871513563923
generated-070,96,4,2,incremental,5097.735,4568.51,0.8961842857661295
generated-070,96,4,3,full,4937.859,4720.135,0.955907205936824
generated-070,96,4,4,incremental,5546.918,4812.686,0.8676324402127452
generated-070,96,4,5,full,7486.521,5019.167,0.6704271583556635
generated-070,96,4,6,incremental,5076.057,4786.914,0.9430378736881796
generated-070,96,4,7,full,5432.874,5143.285,0.9466969048058174
generated-071,96,8,1,incremental,5632.546,6145.78,1.0911193623629527
generated-071,96,8,2,full,5707.954,5775.584,1.0118483785959032
generated-071,96,8,3,incremental,5918.082,6673.357,1.1276215841551367
generated-071,96,8,4,full,5486.607,5433.16,0.9902586425453836
generated-071,96,8,5,incremental,6781.492,7783.808,1.1478016931967183
generated-071,96,8,6,full,5460.816,6209.807,1.1371573405879267
generated-071,96,8,7,incremental,5937.961,5620.575,0.9465496657859491
generated-072,96,8,1,full,9464.537,6751.113,0.7133062082170528
generated-072,96,8,2,incremental,5057.686,6394.746,1.2643620027024216
generated-072,96,8,3,full,5675.154,6100.228,1.0749008749366096
generated-072,96,8,4,incremental,4919.705,5880.381,1.1952710579191232
generated-072,96,8,5,full,5416.291,6408.018,1.1831007602804207
generated-072,96,8,6,incremental,5283.773,5862.875,1.1096000906927683
generated-072,96,8,7,full,4935.223,5976.784,1.2110463904062694
generated-073,96,8,1,incremental,6232.28,7195.207,1.1545063764785921
generated-073,96,8,2,full,5515.763,9018.524,1.6350455956863992
generated-073,96,8,3,incremental,5754.594,6909.801,1.200745178547783
generated-073,96,8,4,full,5902.602,6940.37,1.1758153438093912
generated-073,96,8,5,incremental,5659.239,6218.175,1.098765222673932
generated-073,96,8,6,full,5441.466,7799.287,1.4333062082901924
generated-073,96,8,7,incremental,5825.73,7324.486,1.2572649264555686
generated-074,96,8,1,full,5316.836,5881.942,1.106286144616836
generated-074,96,8,2,incremental,5790.93,6405.241,1.1060815792972805
generated-074,96,8,3,full,5007.086,5679.815,1.1343553915391107
generated-074,96,8,4,incremental,5196.519,5995.601,1.1537725542810486
generated-074,96,8,5,full,4898.156,6177.34,1.2611562392051212
generated-074,96,8,6,incremental,5367.459,6398.592,1.192108221040906
generated-074,96,8,7,full,4961.896,5680.083,1.1447404379293722
generated-075,96,8,1,incremental,4977.788,5476.933,1.1002744592578069
generated-075,96,8,2,full,5397.729,5995.696,1.110781219286852
generated-075,96,8,3,incremental,5148.761,5424.72,1.0535971663862431
generated-075,96,8,4,full,4886.594,5801.632,1.1872547627243024
generated-075,96,8,5,incremental,7539.628,5513.964,0.7313310417967571
generated-075,96,8,6,full,6891.074,5599.391,0.8125570847156771
generated-075,96,8,7,incremental,5292.235,5378.644,1.0163275062426367
generated-076,96,8,1,full,4950.517,5369.117,1.0845568250750377
generated-076,96,8,2,incremental,5843.022,6357.83,1.0881064627174089
generated-076,96,8,3,full,5542.041,5771.17,1.0413437937395267
generated-076,96,8,4,incremental,5257.155,6347.893,1.207476857730084
generated-076,96,8,5,full,6433.342,6382.402,0.9920818759518769
generated-076,96,8,6,incremental,5140.118,5693.475,1.107654532444586
generated-076,96,8,7,full,6741.927,5830.696,0.864841164847973
generated-077,96,8,1,incremental,7846.317,6295.234,0.8023170616226696
generated-077,96,8,2,full,6385.833,5903.127,0.9244098616421694
generated-077,96,8,3,incremental,5631.175,6073.631,1.0785725892020759
generated-077,96,8,4,full,5907.896,5856.004,0.9912165007644007
generated-077,96,8,5,incremental,5169.152,6329.492,1.22447395626981
generated-077,96,8,6,full,5238.481,6188.518,1.1813573438559766
generated-077,96,8,7,incremental,5171.551,7079.999,1.3690281696922257
generated-078,96,8,1,full,5375.396,5263.418,0.9791684184755877
generated-078,96,8,2,incremental,4926.809,5396.325,1.0952981940237585
generated-078,96,8,3,full,5249.125,5813.781,1.1075714523849214
generated-078,96,8,4,incremental,7216.343,5725.689,0.7934335992621193
generated-078,96,8,5,full,5172.785,5480.807,1.0595466465356669
generated-078,96,8,6,incremental,8260.204,7917.423,0.9585021144756232
generated-078,96,8,7,full,7362.4,7687.472,1.044152993589047
generated-079,96,8,1,incremental,5342.442,5371.227,1.005387985494274
generated-079,96,8,2,full,5752.737,6148.062,1.068719463448442
generated-079,96,8,3,incremental,5933.313,5700.256,0.9607205957278843
generated-079,96,8,4,full,5258.524,6502.814,1.2366234327351173
generated-079,96,8,5,incremental,6213.659,6690.457,1.0767338535957638
generated-079,96,8,6,full,5630.59,7342.816,1.3040935319389264
generated-079,96,8,7,incremental,7385.367,6445.266,0.8727076122283429
generated-080,96,8,1,full,5112.874,6219.498,1.2164387387602353
generated-080,96,8,2,incremental,5304.415,5742.225,1.082536905577712
generated-080,96,8,3,full,5624.966,5869.64,1.043497862920416
generated-080,96,8,4,incremental,6223.843,5950.427,0.9560695859455324
generated-080,96,8,5,full,5348.548,10893.77,2.0367714751741968
generated-080,96,8,6,incremental,5198.198,6468.805,1.2444322051603267
generated-080,96,8,7,full,5307.602,5865.098,1.105037265416661
generated-081,96,8,1,incremental,5670.476,5674.266,1.0006683742246683
generated-081,96,8,2,full,5084.86,5916.007,1.1634552377056595
generated-081,96,8,3,incremental,5387.885,6049.313,1.12276208567926
generated-081,96,8,4,full,4884.542,5256.744,1.0761999794453605
generated-081,96,8,5,incremental,5040.973,5660.476,1.1228935366247745
generated-081,96,8,6,full,5252.849,5926.729,1.1282884773577158
generated-081,96,8,7,incremental,4898.941,5771.006,1.1780109211358127
generated-082,96,8,1,full,6956.865,6424.308,0.9234487085777862
generated-082,96,8,2,incremental,6132.959,6431.341,1.0486522085016385
generated-082,96,8,3,full,6875.375,10284.056,1.4957811028489356
generated-082,96,8,4,incremental,6208.616,7484.464,1.2054963618300762
generated-082,96,8,5,full,5835.677,5877.199,1.0071151984594076
generated-082,96,8,6,incremental,5382.102,6828.379,1.2687197306925808
generated-082,96,8,7,full,5630.905,6055.902,1.0754757894157334
generated-083,96,8,1,incremental,5656.251,8258.449,1.4600570236363273
generated-083,96,8,2,full,5164.462,6109.752,1.1830374586936645
generated-083,96,8,3,incremental,5364.436,5942.109,1.107685691468777
generated-083,96,8,4,full,5356.78,7334.415,1.3691835393650664
generated-083,96,8,5,incremental,5699.888,10418.6,1.8278604772585005
generated-083,96,8,6,full,5110.751,6022.615,1.1784207448181294
generated-083,96,8,7,incremental,4994.895,5763.776,1.153933365966652
generated-084,96,8,1,full,7006.153,7296.669,1.0414658372433487
generated-084,96,8,2,incremental,4993.381,7134.051,1.428701515065644
generated-084,96,8,3,full,5553.705,6748.766,1.215182657343161
generated-084,96,8,4,incremental,5018.32,7008.557,1.3965942785633438
generated-084,96,8,5,full,7498.354,8998.115,1.2000120293066985
generated-084,96,8,6,incremental,8126.425,6901.473,0.849263113853878
generated-084,96,8,7,full,5306.082,6822.093,1.2857119433887376
generated-085,96,8,1,incremental,5004.287,6186.117,1.2361635134036077
generated-085,96,8,2,full,5741.627,6831.089,1.1897479582006982
generated-085,96,8,3,incremental,5593.689,6385.915,1.1416285388765803
generated-085,96,8,4,full,5056.022,5973.046,1.1813726285209993
generated-085,96,8,5,incremental,5458.095,6073.944,1.1128322244299522
generated-085,96,8,6,full,16633.249,7646.955,0.4597391044888464
generated-085,96,8,7,incremental,5080.626,6223.805,1.2250075089172083
generated-086,256,1,1,full,22008.179,13078.877,0.5942734744205779
generated-086,256,1,2,incremental,22173.889,12409.597,0.5596490989920623
generated-086,256,1,3,full,19725.184,14470.612,0.7336110020570658
generated-086,256,1,4,incremental,22669.988,15422.657,0.6803116525690265
generated-086,256,1,5,full,21563.341,15398.923,0.7141250977758966
generated-086,256,1,6,incremental,19986.421,15743.322,0.7877009095325271
generated-086,256,1,7,full,22184.447,15204.853,0.6853834580596037
generated-087,256,1,1,incremental,19786.508,11903.826,0.6016132811307584
generated-087,256,1,2,full,25672.569,12518.627,0.4876265791709431
generated-087,256,1,3,incremental,25218.994,12608.554,0.4999626075488975
generated-087,256,1,4,full,22946.938,12621.275,0.5500200070266456
generated-087,256,1,5,incremental,20041.033,12494.094,0.6234256487677058
generated-087,256,1,6,full,21876.425,14531.701,0.6642630594349854
generated-087,256,1,7,incremental,20534.704,14260.467,0.694456905733825
generated-088,256,1,1,full,19507.847,11558.294,0.5924945997372237
generated-088,256,1,2,incremental,20861.568,11927.153,0.5717285009448955
generated-088,256,1,3,full,21332.076,12951.323,0.6071290482932837
generated-088,256,1,4,incremental,21568.644,12404.974,0.5751392623476933
generated-088,256,1,5,full,24332.883,13621.655,0.5598044013115914
generated-088,256,1,6,incremental,24476.622,14769.704,0.6034208478604605
generated-088,256,1,7,full,25219.741,14542.74,0.5766411320401744
generated-089,256,1,1,incremental,19936.972,12145.809,0.6092103153879135
generated-089,256,1,2,full,28342.089,13769.164,0.48582036419404373
generated-089,256,1,3,incremental,22707.61,12843.875,0.5656198516708716
generated-089,256,1,4,full,22593.426,12434.414,0.550355399840644
generated-089,256,1,5,incremental,28822.14,14416.037,0.5001723327969402
generated-089,256,1,6,full,21680.956,14437.697,0.6659160693836563
generated-089,256,1,7,incremental,21917.212,22288.194,1.0169265141935024
generated-090,256,1,1,full,20437.789,12011.526,0.5877116159678525
generated-090,256,1,2,incremental,22794.701,12276.241,0.5385567900188732
generated-090,256,1,3,full,20316.017,11840.714,0.5828265451835367
generated-090,256,1,4,incremental,19347.994,12428.411,0.6423617352786031
generated-090,256,1,5,full,21114.625,12376.23,0.5861449114061936
generated-090,256,1,6,incremental,19218.621,12433.517,0.6469515684814222
generated-090,256,1,7,full,21371.122,12317.215,0.5763485417377712
generated-091,256,1,1,incremental,20227.929,12063.214,0.5963642644780887
generated-091,256,1,2,full,20453.432,12629.411,0.6174714835143559
generated-091,256,1,3,incremental,26239.023,12184.48,0.4643648507796956
generated-091,256,1,4,full,22401.355,11940.845,0.5330411932671038
generated-091,256,1,5,incremental,23529.656,11758.611,0.49973578024260107
generated-091,256,1,6,full,21811.27,17747.926,0.8137043831010299
generated-091,256,1,7,incremental,29721.307,18225.845,0.6132248827415295
generated-092,256,1,1,full,19720.339,12721.996,0.645120552947898
generated-092,256,1,2,incremental,21538.994,11428.053,0.5305750584265914
generated-092,256,1,3,full,20266.74,12420.516,0.6128521903374692
generated-092,256,1,4,incremental,24545.43,11284.622,0.45974431900357826
generated-092,256,1,5,full,26179.088,13930.366,0.5321180783685054
generated-092,256,1,6,incremental,23492.797,14315.68,0.6093646490879736
generated-092,256,1,7,full,34991.266,26174.33,0.7480246642119208
generated-093,256,1,1,incremental,25647.279,19894.27,0.7756873545922747
generated-093,256,1,2,full,21083.203,16285.658,0.7724470518070713
generated-093,256,1,3,incremental,26409.966,13460.071,0.509658778053709
generated-093,256,1,4,full,24015.532,12229.739,0.5092428933075478
generated-093,256,1,5,incremental,21617.429,12393.352,0.5733036986035666
generated-093,256,1,6,full,20214.404,11420.532,0.5649700085147205
generated-093,256,1,7,incremental,20015.637,12159.253,0.6074876857528941
generated-094,256,4,1,full,25469.926,20224.897,0.7940697197157149
generated-094,256,4,2,incremental,20102.926,17780.131,0.8844548798518186
generated-094,256,4,3,full,23094.453,17144.35,0.7423579159896101
generated-094,256,4,4,incremental,21104.37,17805.877,0.8437056874950544
generated-094,256,4,5,full,19608.841,16767.715,0.8551099475996568
generated-094,256,4,6,incremental,20405.284,16440.491,0.8056977300585476
generated-094,256,4,7,full,19585.45,17962.32,0.917125723432446
generated-095,256,4,1,incremental,22075.935,16846.11,0.7630983693329411
generated-095,256,4,2,full,19850.112,17776.919,0.8955576170048813
generated-095,256,4,3,incremental,19551.476,17346.644,0.8872293836025474
generated-095,256,4,4,full,20240.513,18886.291,0.9330934942212186
generated-095,256,4,5,incremental,21539.346,18110.978,0.8408323075361712
generated-095,256,4,6,full,20166.663,17255.421,0.8556408663148682
generated-095,256,4,7,incremental,21228.049,18224.712,0.8585203473008753
generated-096,256,4,1,full,20732.835,20952.46,1.010593100268246
generated-096,256,4,2,incremental,19659.432,16489.127,0.8387387285655048
generated-096,256,4,3,full,20508.099,19131.296,0.9328654011276228
generated-096,256,4,4,incremental,21341.962,20368.146,0.9543708305731217
generated-096,256,4,5,full,22591.275,15140.717,0.6702019695656841
generated-096,256,4,6,incremental,20478.001,15539.054,0.7588169372586709
generated-096,256,4,7,full,19513.98,15400.777,0.7892176275675182
generated-097,256,4,1,incremental,21023.914,18491.447,0.8795435046014743
generated-097,256,4,2,full,24672.441,16772.617,0.6798118191872462
generated-097,256,4,3,incremental,25555.801,22000.729,0.8608898230190476
generated-097,256,4,4,full,21104.62,16212.3,0.7681872499954986
generated-097,256,4,5,incremental,21258.626,18328.808,0.8621821560810186
generated-097,256,4,6,full,20031.469,15514.011,0.774481941389321
generated-097,256,4,7,incremental,19414.233,15065.092,0.7759818273531589
generated-098,256,4,1,full,20586.968,16540.41,0.8034407980815825
generated-098,256,4,2,incremental,21038.481,18192.304,0.8647156607931913
generated-098,256,4,3,full,20517.255,18443.622,0.8989322402046472
generated-098,256,4,4,incremental,19801.91,17622.116,0.8899200127664453
generated-098,256,4,5,full,19229.205,16798.14,0.8735743365365339
generated-098,256,4,6,incremental,26420.17,17832.689,0.6749649604828433
generated-098,256,4,7,full,21443.604,17233.675,0.8036743730205054
generated-099,256,4,1,incremental,19881.711,15794.775,0.7944374103415949
generated-099,256,4,2,full,20802.098,16352.785,0.7861122950194736
generated-099,256,4,3,incremental,20480.343,15245.236,0.7443838220873547
generated-099,256,4,4,full,21732.932,20525.614,0.9444475324360284
generated-099,256,4,5,incremental,21288.377,16958.74,0.7966196765493208
generated-099,256,4,6,full,19894.402,20221.491,1.0164412581991658
generated-099,256,4,7,incremental,20661.567,15734.714,0.761545046413953
generated-100,256,4,1,full,22538.685,15155.025,0.6724005859259313
generated-100,256,4,2,incremental,20582.778,15543.218,0.7551564711041435
generated-100,256,4,3,full,19295.111,15470.87,0.8018025913403659
generated-100,256,4,4,incremental,19350.667,15445.885,0.7982094363982389
generated-100,256,4,5,full,22480.685,15550.104,0.6917095275344145
generated-100,256,4,6,incremental,23483.662,17540.061,0.7469048481450635
generated-100,256,4,7,full,21087.347,22504.395,1.0671989700743294
generated-101,256,4,1,incremental,21147.257,22844.648,1.0802653034386445
generated-101,256,4,2,full,20492.061,16823.489,0.8209759379498236
generated-101,256,4,3,incremental,19730.904,15573.443,0.7892919148560046
generated-101,256,4,4,full,19558.044,15902.467,0.8130908694141398
generated-101,256,4,5,incremental,19875.228,18331.705,0.9223393563082647
generated-101,256,4,6,full,19408.217,15374.735,0.792176581702482
generated-101,256,4,7,incremental,21291.508,15992.993,0.7511442120492358
generated-102,256,8,1,full,28190.389,20434.106,0.7248607317905403
generated-102,256,8,2,incremental,23558.071,28115.769,1.1934665193937144
generated-102,256,8,3,full,21223.102,21159.998,0.9970266363512742
generated-102,256,8,4,incremental,25291.756,19929.045,0.7879660471182783
generated-102,256,8,5,full,23620.602,20034.493,0.8481787636064483
generated-102,256,8,6,incremental,20200.07,19069.924,0.9440523720957402
generated-102,256,8,7,full,20257.467,22322.971,1.1019625997662985
generated-103,256,8,1,incremental,20574.014,22904.831,1.1132893658962222
generated-103,256,8,2,full,21860.994,22140.914,1.012804541275662
generated-103,256,8,3,incremental,20834.521,22922.261,1.100205807467328
generated-103,256,8,4,full,19790.068,18631.554,0.9414598272224228
generated-103,256,8,5,incremental,23214.167,20092.511,0.8655279769461467
generated-103,256,8,6,full,23626.143,19342.794,0.8187029935440584
generated-103,256,8,7,incremental,21310.669,19243.992,0.9030214865614965
generated-104,256,8,1,full,20458.423,18233.844,0.8912634175175672
generated-104,256,8,2,incremental,21215.422,23449.285,1.1052942995901756
generated-104,256,8,3,full,20560.56,21153.214,1.028824798546343
generated-104,256,8,4,incremental,21358.389,19277.667,0.9025805738438418
generated-104,256,8,5,full,21898.428,19925.009,0.9098830747120296
generated-104,256,8,6,incremental,23243.442,20991.024,0.9030944728409845
generated-104,256,8,7,full,22298.763,21946.035,0.9841817234435829
generated-105,256,8,1,incremental,22157.322,18849.645,0.850718557053059
generated-105,256,8,2,full,24009.183,21183.9,0.882324900434971
generated-105,256,8,3,incremental,22020.757,20103.441,0.9129314219306811
generated-105,256,8,4,full,28232.574,21276.545,0.7536169036517889
generated-105,256,8,5,incremental,18998.59,19436.678,1.0230589743765195
generated-105,256,8,6,full,20305.786,19509.69,0.9607946227740212
generated-105,256,8,7,incremental,19489.378,20959.893,1.0754521257682006
generated-106,256,8,1,full,22403.773,27031.308,1.2065515928946433
generated-106,256,8,2,incremental,27078.627,19946.783,0.7366246080349642
generated-106,256,8,3,full,19980.242,20150.411,1.0085168638097577
generated-106,256,8,4,incremental,22904.615,23062.137,1.0068773039843717
generated-106,256,8,5,full,21742.105,19173.376,0.8818546318307267
generated-106,256,8,6,incremental,24438.172,23340.528,0.9550848565923834
generated-106,256,8,7,full,21114.323,19893.128,0.9421627205380916
generated-107,256,8,1,incremental,23452.052,19210.333,0.8191322874433333
generated-107,256,8,2,full,26744.399,21548.61,0.8057242191159353
generated-107,256,8,3,incremental,21099.226,19935.225,0.9448320521330972
generated-107,256,8,4,full,25069.654,19403.119,0.7739683603132297
generated-107,256,8,5,incremental,19682.768,20304.729,1.03159926490014
generated-107,256,8,6,full,20027.475,19720.02,0.9846483393438265
generated-107,256,8,7,incremental,21245.552,20259.294,0.9535781419094218
generated-108,256,8,1,full,20752.97,22353.279,1.0771122880243165
generated-108,256,8,2,incremental,24874.782,29618.186,1.1906912792240751
generated-108,256,8,3,full,26566.258,22168.643,0.8344661487515479
generated-108,256,8,4,incremental,24936.904,26111.764,1.0471133064473441
generated-108,256,8,5,full,23054.669,21824.395,0.9466366660913674
generated-108,256,8,6,incremental,20778.469,27900.074,1.3427396407309893
generated-108,256,8,7,full,20850.395,26283.031,1.2605531453960463
generated-109,256,8,1,incremental,27237.125,23110.389,0.8484885611091479
generated-109,256,8,2,full,26411.745,21742.119,0.8231988836784544
generated-109,256,8,3,incremental,24084.187,27214.743,1.1299838769728867
generated-109,256,8,4,full,21671.395,21052.036,0.9714204369400309
generated-109,256,8,5,incremental,19213.176,21564.213,1.1223658701715948
generated-109,256,8,6,full,22960.183,22869.473,0.9960492475168861
generated-109,256,8,7,incremental,20294.17,24857.241,1.2248463967730634
