fixture,category,source_url,source_path,annotated_lines,anchor,consumed_representation,source_redistributed,extraction_status
access-control-wallet-constructor,access-control,https://github.com/smartbugs/smartbugs-curated/blob/main/dataset/access_control/wallet_03_wrong_constructor.sol,dataset/access_control/wallet_03_wrong_constructor.sol,19-20,initWallet,authored fact record in data/public_fixtures.json,no,retained transcription; no source frontend or independently rederived facts
arithmetic-timelock,arithmetic,https://github.com/smartbugs/smartbugs-curated/blob/main/dataset/arithmetic/timelock.sol,dataset/arithmetic/timelock.sol,22,increaseLockTime,authored fact record in data/public_fixtures.json,no,retained transcription; no source frontend or independently rederived facts
bad-randomness-lottery,bad-randomness,https://github.com/smartbugs/smartbugs-curated/blob/main/dataset/bad_randomness/lottery.sol,dataset/bad_randomness/lottery.sol,"38,42",makeBet,authored fact record in data/public_fixtures.json,no,retained transcription; no source frontend or independently rederived facts
denial-of-service-array-fill,denial-of-service,https://github.com/smartbugs/smartbugs-curated/blob/main/dataset/denial_of_service/dos_simple.sol,dataset/denial_of_service/dos_simple.sol,17-18,ifillArray,authored fact record in data/public_fixtures.json,no,retained transcription; no source frontend or independently rederived facts
front-running-reward-claim,front-running,https://github.com/smartbugs/smartbugs-curated/blob/main/dataset/front_running/eth_tx_order_dependence_minimal.sol,dataset/front_running/eth_tx_order_dependence_minimal.sol,"23,31",claimReward,authored fact record in data/public_fixtures.json,no,retained transcription; no source frontend or independently rederived facts
reentrancy-token-bank,reentrancy,https://github.com/smartbugs/smartbugs-curated/blob/main/dataset/reentrancy/0x627fa62ccbb1c1b04ffaecd72a53e37fc0e17839.sol,dataset/reentrancy/0x627fa62ccbb1c1b04ffaecd72a53e37fc0e17839.sol,94,WithdrawToHolder,authored fact record in data/public_fixtures.json,no,retained transcription; no source frontend or independently rederived facts
short-address-token-transfer,short-address,https://github.com/smartbugs/smartbugs-curated/blob/main/dataset/short_addresses/short_address_example.sol,dataset/short_addresses/short_address_example.sol,18,sendCoin,authored fact record in data/public_fixtures.json,no,retained transcription; no source frontend or independently rederived facts
time-manipulation-crowdsale,time-manipulation,https://github.com/smartbugs/smartbugs-curated/blob/main/dataset/time_manipulation/timed_crowdsale.sol,dataset/time_manipulation/timed_crowdsale.sol,13,isSaleFinished,authored fact record in data/public_fixtures.json,no,retained transcription; no source frontend or independently rederived facts
unchecked-call-whale-donation,unchecked-low-level-call,https://github.com/smartbugs/smartbugs-curated/blob/main/dataset/unchecked_low_level_calls/0x07f7ecb66d788ab01dc93b9b71a88401de7d0f2e.sol,dataset/unchecked_low_level_calls/0x07f7ecb66d788ab01dc93b9b71a88401de7d0f2e.sol,"201,213",donateToWhale,authored fact record in data/public_fixtures.json,no,retained transcription; no source frontend or independently rederived facts
